group_name,rule_type,n_patterns,pretty_patterns_joined,raw_patterns_joined
PAT_R1_METAL_CONSERVATIVE,include,28,metal zip ; metal zipper ; metal buckle ; metal button ; metal snap ; metal press stud ; metal hook ; metal clasp ; metal ring ; metal trim ; metal hardware ; metal fastener ; zip in metal ; zipper in metal ; buckle in metal ; button in metal ; snap in metal ; press stud in metal ; hook in metal ; clasp in metal ; ring in metal ; fastener in metal ; rivet ; eyelet ; grommet ; underwire ; hook-and-eye fastener ; button-and-hook closure,\bmetal[- ]zip\b ; \bmetal[- ]zipper(?:s)?\b ; \bmetal[- ]buckle(?:s)?\b ; \bmetal[- ]button(?:s)?\b ; \bmetal[- ]snap(?:s)?\b ; \bmetal[- ]press[- ]stud(?:s)?\b ; \bmetal[- ]hook(?:s)?\b ; \bmetal[- ]clasp(?:s)?\b ; \bmetal[- ]ring(?:s)?\b ; \bmetal[- ]trim\b ; \bmetal[- ]hardware\b ; \bmetal[- ]fastener(?:s)?\b ; \bzip\s+(?:in\s+)?metal\b ; \bzipper(?:s)?\s+(?:in\s+)?metal\b ; \bbuckle(?:s)?\s+(?:in\s+)?metal\b ; \bbutton(?:s)?\s+(?:in\s+)?metal\b ; \bsnap(?:s)?\s+(?:in\s+)?metal\b ; \bpress[- ]stud(?:s)?\s+(?:in\s+)?metal\b ; \bhook(?:s)?\s+(?:in\s+)?metal\b ; \bclasp(?:s)?\s+(?:in\s+)?metal\b ; \bring(?:s)?\s+(?:in\s+)?metal\b ; \bfastener(?:s)?\s+(?:in\s+)?metal\b ; \brivet(?:s)?\b ; \beyelet(?:s)?\b ; \bgrommet(?:s)?\b ; \bunderwire\b ; \bhook[- ]and[- ]eye\b ; \bbutton[- ]and[- ]hook\b
PAT_R1_METAL_DEFAULT_EXTRA,include,5,press stud ; stud or studded detail ; clasp ; charm ; hook,\bpress[- ]stud(?:s)?\b ; \bstud(?:s|ded)?\b ; \bclasp(?:s)?\b ; \bcharm(?:s)?\b ; \bhook(?:s)?\b
PAT_R1_METAL_EXPANDED_EXTRA,include,2,carabiner ; ring,\bcarabiner(?:s)?\b ; \bring(?:s)?\b
PAT_R1_METAL_EXCLUDE,exclude,3,button-down phrase ; negative hook mention ; negative hook mention,\bbutton[- ]down\b ; \bhooks?\s*:\s*no\b ; \bhooks?\s+no\b
PAT_R2_PLASTIC_CONSERVATIVE,include,33,plastic zip ; plastic zipper ; plastic buckle ; plastic snap ; plastic button ; plastic fastener ; plastic toggle ; plastic stopper ; plastic hardware ; plastic trim ; zip in plastic ; zipper in plastic ; buckle in plastic ; snap in plastic ; button in plastic ; fastener in plastic ; toggle in plastic ; stopper in plastic ; hypoallergenic plastic snap button ; moulded plastic zip ; moulded plastic zipper ; molded plastic zip ; molded plastic zipper ; moulded plastic buckle ; molded plastic buckle ; moulded plastic button ; molded plastic button ; moulded plastic snap ; molded plastic snap ; moulded plastic fastener ; molded plastic fastener ; moulded plastic trim ; molded plastic trim,\bplastic[- ]zip\b ; \bplastic[- ]zipper(?:s)?\b ; \bplastic[- ]buckle(?:s)?\b ; \bplastic[- ]snap(?:s)?\b ; \bplastic[- ]button(?:s)?\b ; \bplastic[- ]fastener(?:s)?\b ; \bplastic[- ]toggle(?:s)?\b ; \bplastic[- ]stopper(?:s)?\b ; \bplastic[- ]hardware\b ; \bplastic[- ]trim\b ; \bzip\s+(?:in\s+)?plastic\b ; \bzipper(?:s)?\s+(?:in\s+)?plastic\b ; \bbuckle(?:s)?\s+(?:in\s+)?plastic\b ; \bsnap(?:s)?\s+(?:in\s+)?plastic\b ; \bbutton(?:s)?\s+(?:in\s+)?plastic\b ; \bfastener(?:s)?\s+(?:in\s+)?plastic\b ; \btoggle(?:s)?\s+(?:in\s+)?plastic\b ; \bstopper(?:s)?\s+(?:in\s+)?plastic\b ; \bhypoallergenic[- ]plastic[- ]snap[- ]button(?:s)?\b ; \bmoulded[- ]plastic[- ]zip\b ; \bmoulded[- ]plastic[- ]zipper(?:s)?\b ; \bmolded[- ]plastic[- ]zip\b ; \bmolded[- ]plastic[- ]zipper(?:s)?\b ; \bmoulded[- ]plastic[- ]buckle(?:s)?\b ; \bmolded[- ]plastic[- ]buckle(?:s)?\b ; \bmoulded[- ]plastic[- ]button(?:s)?\b ; \bmolded[- ]plastic[- ]button(?:s)?\b ; \bmoulded[- ]plastic[- ]snap(?:s)?\b ; \bmolded[- ]plastic[- ]snap(?:s)?\b ; \bmoulded[- ]plastic[- ]fastener(?:s)?\b ; \bmolded[- ]plastic[- ]fastener(?:s)?\b ; \bmoulded[- ]plastic[- ]trim\b ; \bmolded[- ]plastic[- ]trim\b
PAT_R2_PLASTIC_DEFAULT_EXTRA,include,8,polymer zip or zipper ; polymer buckle ; polymer snap ; polymer button ; polymer fastener ; resin button ; resin buckle ; resin fastener,\bpolymer[- ]zip(?:per)?(?:s)?\b ; \bpolymer[- ]buckle(?:s)?\b ; \bpolymer[- ]snap(?:s)?\b ; \bpolymer[- ]button(?:s)?\b ; \bpolymer[- ]fastener(?:s)?\b ; \bresin[- ]button(?:s)?\b ; \bresin[- ]buckle(?:s)?\b ; \bresin[- ]fastener(?:s)?\b
PAT_R2_PLASTIC_EXPANDED_EXTRA,include,3,synthetic button ; synthetic buckle ; synthetic fastener,\bsynthetic[- ]button(?:s)?\b ; \bsynthetic[- ]buckle(?:s)?\b ; \bsynthetic[- ]fastener(?:s)?\b
PAT_R2_PLASTIC_EXCLUDE,exclude,1,button-down phrase,\bbutton[- ]down\b
PAT_R3_MIXED_CONSERVATIVE,include,21,metal and plastic ; mixed hardware ; mixed-material zip ; mixed buckle ; zip ; zipper ; zip-up ; full-zip ; half-zip ; zip fly ; concealed zip ; side zip ; zipped ; buckle ; snap or snap button ; toggle ; boning ; cord lock ; stopper ; collar stay ; collar support,\bmetal[- ]and[- ]plastic\b ; \bmixed[- ]hardware\b ; \bmixed[- ]material[- ]zip\b ; \bmixed[- ]buckle\b ; \bzip\b ; \bzipper(?:s)?\b ; \bzip[- ]up\b ; \bfull[- ]zip\b ; \bhalf[- ]zip\b ; \bzip[- ]fly\b ; \bconcealed[- ]zip\b ; \bside[- ]zip\b ; \bzipped\b ; \bbuckle(?:s)?\b ; \bsnap(?:[- ]button)?(?:s)?\b ; \btoggle(?:s)?\b ; \bboning\b ; \bcord[- ]lock(?:s)?\b ; \bstopper(?:s)?\b ; \bcollar[- ]stay(?:s)?\b ; \bcollar[- ]support(?:s)?\b
PAT_R3_MIXED_DEFAULT_EXTRA,include,1,fastener,\bfastener(?:s)?\b
PAT_R3_MIXED_EXPANDED_EXTRA,include,4,hardware combination ; multiple hardware types ; hardware ; button,\bhardware[- ]combination\b ; \bmultiple[- ]hardware[- ]types\b ; \bhardware\b ; \bbutton(?:s)?\b
PAT_R3_MIXED_EXCLUDE,exclude,3,button-down phrase ; negative hook mention ; negative hook mention,\bbutton[- ]down\b ; \bhooks?\s*:\s*no\b ; \bhooks?\s+no\b
PAT_R4_COMPONENT,include,9,component name: elastic part ; elastic ; component name: binder part ; binding ; piping ; component name: tape ; component name: lace ; component name: strap ; component name: cuff,\belastic_part\b ; \belastic\b ; \bbinder_part\b ; \bbinding\b ; \bpiping\b ; \btape\b ; \blace\b ; \bstrap\b ; \bcuff\b
PAT_R4_TRIM_CONSERVATIVE,include,9,drawstring ; drawcord ; patch ; embroidery ; embroidered detail ; applique ; appliqué ; badge ; lace trim,\bdrawstring(?:s)?\b ; \bdrawcord(?:s)?\b ; \bpatch(?:es)?\b ; \bembroidery\b ; \bembroidered\b ; \bapplique\b ; \bappliqué\b ; \bbadge(?:s)?\b ; \blace[- ]trim\b
PAT_R4_TRIM_DEFAULT_EXTRA,include,5,binding ; piping ; elastic ; tape ; ribbon,\bbinding\b ; \bpiping\b ; \belastic\b ; \btape(?:s)?\b ; \bribbon(?:s)?\b
PAT_R4_TRIM_EXPANDED_EXTRA,include,5,elasticated ; strap ; fabric trim ; decorative tape ; contrast trim,\belasticated\b ; \bstrap(?:s)?\b ; \bfabric[- ]trim\b ; \bdecorative[- ]tape\b ; \bcontrast[- ]trim\b
PAT_R4_TRIM_EXCLUDE,exclude,2,ribbed ; stretch,\bribbed\b ; \bstretch\b
PAT_R5_DECOR_CONSERVATIVE,include,10,leather trim ; suede patch ; fur trim ; faux fur ; faux fur component ; pendant ; sequin or sequined detail ; lurex ; metallic yarn ; rhinestone,\bleather[- ]trim\b ; \bsuede[- ]patch\b ; \bfur[- ]trim\b ; \bfaux[- ]fur\b ; \bfaux_fur\b ; \bpendant(?:s)?\b ; \bsequin(?:s|ed)?\b ; \blurex\b ; \bmetallic[- ]yarn\b ; \brhinestone(?:s)?\b
PAT_R5_DECOR_DEFAULT_EXTRA,include,5,bead or beaded detail ; glitter ; embellished detail ; pearl ; fringe,\bbead(?:ed|s)?\b ; \bglitter\b ; \bembellished\b ; \bpearl(?:s)?\b ; \bfringe\b
PAT_R5_DECOR_EXPANDED_EXTRA,include,3,sparkle trim ; ornamental trim ; decorative embellishment,\bsparkle[- ]trim\b ; \bornamental[- ]trim\b ; \bdecorative[- ]embellishment\b
PAT_R6_COMPONENT,include,1,coating,\bcoating\b
PAT_R6_SURFACE_CONSERVATIVE,include,10,coated ; coating ; laminated ; bonded ; reflective print ; foil print ; flock print ; PU coating ; PVC ; seam tape,\bcoated\b ; \bcoating\b ; \blaminated\b ; \bbonded\b ; \breflective[- ]print\b ; \bfoil[- ]print\b ; \bflock[- ]print\b ; \bpu[- ]coating\b ; \bpvc\b ; \bseam[- ]tape\b
PAT_R6_SURFACE_DEFAULT_EXTRA,include,10,graphic print ; logo print ; reflective print ; foil print ; flock print ; water-repellent finish ; waterproof finish ; water-resistant finish ; laminated film ; taped seams,\bgraphic[- ]print\b ; \blogo[- ]print\b ; \breflective[- ]print\b ; \bfoil[- ]print\b ; \bflock[- ]print\b ; \bwater[- ]repellent\b ; \bwaterproof\b ; \bwater[- ]resistant\b ; \blaminated[- ]film\b ; \btaped[- ]seams?\b
PAT_R6_SURFACE_EXPANDED_EXTRA,include,5,all-over print ; waterproof finish ; treated surface ; protective coating ; reflective details,\ball[- ]over[- ]print\b ; \bwaterproof[- ]finish\b ; \btreated[- ]surface\b ; \bprotective[- ]coating\b ; \breflective[- ]details?\b
PAT_R7_COMPONENT,include,12,component name: lining ; component name: front body lining ; component name: body lining ; component name: skirt lining ; component name: cup lining ; component name: hood lining ; component name: sleeve lining ; component name: inner layer ; component name: inner pants ; component name: interlining ; component name: petticoat ; component name: down-proof fabric,\blining\b ; \bfront_body_lining\b ; \bbody_lining\b ; \bskirt_lining\b ; \bcup_lining\b ; \bhood_lining\b ; \bsleeve_lining\b ; \binner_layer\b ; \binner_pants\b ; \binterlining\b ; \bpetticoat\b ; \bdown_proof_fabric\b
PAT_R7_LINING_DEFAULT,include,8,lined ; fully lined ; double layer ; double layer ; inner layer ; mesh-lined ; fleece-lined ; jersey-lined,\blined\b ; \bfully[- ]lined\b ; \bdouble[- ]layer\b ; \bdouble layer\b ; \binner[- ]layer\b ; \bmesh[- ]lined\b ; \bfleece[- ]lined\b ; \bjersey[- ]lined\b
PAT_R7_LINING_EXPANDED_EXTRA,include,4,layered ; multilayer ; two-layer ; insulated lining,\blayered\b ; \bmultilayer\b ; \btwo[- ]layer\b ; \binsulated[- ]lining\b
PAT_R7_LINING_EXCLUDE,exclude,4,neckline ; hemline ; A-line ; linen,\bneckline\b ; \bhemline\b ; \ba-line\b ; \blinen\b
PAT_R8_COMPONENT,include,15,component name: pocket lining ; component name: pocket fabric ; component name: chest pocket fabric ; component name: inner pocket fabric ; component name: side pocket fabric ; component name: mesh ; component name: top panel ; component name: bottom panel ; component name: front panel ; component name: back panel ; component name: side panel ; component name: inside panel ; component name: wing ; component name: woven part ; component name: knit part,\bpocket_lining\b ; \bpocket_fabric\b ; \bchest_pocket_fabric\b ; \binner_pocket_fabric\b ; \bside_pocket_fabric\b ; \bmesh\b ; \btop_panel\b ; \bbottom_panel\b ; \bfront_panel\b ; \bback_panel\b ; \bside_panel\b ; \binside_panel\b ; \bwing\b ; \bwoven_part\b ; \bknit_part\b
PAT_R8_SECONDARY_CONSERVATIVE,include,7,contrast panel ; contrast insert ; contrast fabric ; mesh insert ; pocket lining ; pocket bag ; pocket fabric,\bcontrast[- ]panel\b ; \bcontrast[- ]insert\b ; \bcontrast[- ]fabric\b ; \bmesh[- ]insert\b ; \bpocket[- ]lining\b ; \bpocket[- ]bag\b ; \bpocket[- ]fabric\b
PAT_R8_SECONDARY_DEFAULT_EXTRA,include,0,,
PAT_R8_SECONDARY_EXPANDED_EXTRA,include,5,yoke ; inset ; insert ; panel detail ; insert detail,\byoke\b ; \binset\b ; \binsert\b ; \bpanel[- ]detail\b ; \binsert[- ]detail\b
PAT_R8_SECONDARY_EXCLUDE,exclude,2,generic pocket mention ; generic panel mention,\bpocket\b ; \bpanel\b
