metric,n_total,n_flagged,share_flagged,n_not_flagged,share_not_flagged
any_disruptor_overall_conservative,47522,23246,0.48916291401877027,24276,0.5108370859812298
any_disruptor_overall_default,47522,26182,0.55094482555448,21340,0.44905517444551996
any_disruptor_overall_expanded,47522,33053,0.6955304911409452,14469,0.30446950885905477
any_removable_disruptor_conservative,47522,10211,0.2148689028239552,37311,0.7851310971760448
any_removable_disruptor_default,47522,12922,0.2719161651445646,34600,0.7280838348554354
any_removable_disruptor_expanded,47522,20140,0.4238037119649846,27382,0.5761962880350153
any_retained_barrier_conservative,47522,18943,0.3986153781406506,28579,0.6013846218593494
any_retained_barrier_default,47522,21356,0.4493918606119271,26166,0.5506081393880728
any_retained_barrier_expanded,47522,24968,0.5253987626783384,22554,0.47460123732166154
