analysis_id,analysis_label,analysis_family,unit_of_analysis,source_boundary,aggregation_rule,metric,metric_label,setting,setting_label,n_units,n_flagged,prevalence,prevalence_percent
pooled_variant,Pooled variant-level prevalence,Primary prevalence analysis,Colour-specific garment variant,All four retailer–market portals pooled,Direct binary flag for each variant,any_removable_disruptor,Any removable-hardware indicator (R1–R3),conservative,Conservative,47522,10211,0.2148689028239552,21.48689028239552
pooled_variant,Pooled variant-level prevalence,Primary prevalence analysis,Colour-specific garment variant,All four retailer–market portals pooled,Direct binary flag for each variant,any_removable_disruptor,Any removable-hardware indicator (R1–R3),default,Default,47522,12922,0.2719161651445646,27.191616514456463
pooled_variant,Pooled variant-level prevalence,Primary prevalence analysis,Colour-specific garment variant,All four retailer–market portals pooled,Direct binary flag for each variant,any_removable_disruptor,Any removable-hardware indicator (R1–R3),expanded,Expanded,47522,20140,0.4238037119649846,42.38037119649846
pooled_variant,Pooled variant-level prevalence,Primary prevalence analysis,Colour-specific garment variant,All four retailer–market portals pooled,Direct binary flag for each variant,any_retained_barrier,Any retained-barrier indicator (R4–R8),conservative,Conservative,47522,18943,0.3986153781406506,39.86153781406506
pooled_variant,Pooled variant-level prevalence,Primary prevalence analysis,Colour-specific garment variant,All four retailer–market portals pooled,Direct binary flag for each variant,any_retained_barrier,Any retained-barrier indicator (R4–R8),default,Default,47522,21356,0.4493918606119271,44.93918606119271
pooled_variant,Pooled variant-level prevalence,Primary prevalence analysis,Colour-specific garment variant,All four retailer–market portals pooled,Direct binary flag for each variant,any_retained_barrier,Any retained-barrier indicator (R4–R8),expanded,Expanded,47522,24968,0.5253987626783384,52.53987626783384
pooled_variant,Pooled variant-level prevalence,Primary prevalence analysis,Colour-specific garment variant,All four retailer–market portals pooled,Direct binary flag for each variant,any_disruptor_overall,Any core disruptor indicator (R1–R8),conservative,Conservative,47522,23246,0.48916291401877027,48.916291401877025
pooled_variant,Pooled variant-level prevalence,Primary prevalence analysis,Colour-specific garment variant,All four retailer–market portals pooled,Direct binary flag for each variant,any_disruptor_overall,Any core disruptor indicator (R1–R8),default,Default,47522,26182,0.55094482555448,55.094482555447996
pooled_variant,Pooled variant-level prevalence,Primary prevalence analysis,Colour-specific garment variant,All four retailer–market portals pooled,Direct binary flag for each variant,any_disruptor_overall,Any core disruptor indicator (R1–R8),expanded,Expanded,47522,33053,0.6955304911409452,69.55304911409452
pooled_variant,Pooled variant-level prevalence,Primary prevalence analysis,Colour-specific garment variant,All four retailer–market portals pooled,Direct binary flag for each variant,r1_metal_hardware,R1 Metal-specified/conventional hardware,conservative,Conservative,47522,2613,0.054985059551365685,5.498505955136569
pooled_variant,Pooled variant-level prevalence,Primary prevalence analysis,Colour-specific garment variant,All four retailer–market portals pooled,Direct binary flag for each variant,r1_metal_hardware,R1 Metal-specified/conventional hardware,default,Default,47522,5902,0.12419510963343294,12.419510963343294
pooled_variant,Pooled variant-level prevalence,Primary prevalence analysis,Colour-specific garment variant,All four retailer–market portals pooled,Direct binary flag for each variant,r1_metal_hardware,R1 Metal-specified/conventional hardware,expanded,Expanded,47522,5938,0.124952653507849,12.4952653507849
pooled_variant,Pooled variant-level prevalence,Primary prevalence analysis,Colour-specific garment variant,All four retailer–market portals pooled,Direct binary flag for each variant,r2_plastic_hardware,R2 Plastic-specified hardware,conservative,Conservative,47522,138,0.002903918185261563,0.2903918185261563
pooled_variant,Pooled variant-level prevalence,Primary prevalence analysis,Colour-specific garment variant,All four retailer–market portals pooled,Direct binary flag for each variant,r2_plastic_hardware,R2 Plastic-specified hardware,default,Default,47522,138,0.002903918185261563,0.2903918185261563
pooled_variant,Pooled variant-level prevalence,Primary prevalence analysis,Colour-specific garment variant,All four retailer–market portals pooled,Direct binary flag for each variant,r2_plastic_hardware,R2 Plastic-specified hardware,expanded,Expanded,47522,138,0.002903918185261563,0.2903918185261563
pooled_variant,Pooled variant-level prevalence,Primary prevalence analysis,Colour-specific garment variant,All four retailer–market portals pooled,Direct binary flag for each variant,r3_mixed_hardware,R3 Material-ambiguous hardware,conservative,Conservative,47522,9085,0.1911746138630529,19.11746138630529
pooled_variant,Pooled variant-level prevalence,Primary prevalence analysis,Colour-specific garment variant,All four retailer–market portals pooled,Direct binary flag for each variant,r3_mixed_hardware,R3 Material-ambiguous hardware,default,Default,47522,10279,0.21629981903118556,21.629981903118555
pooled_variant,Pooled variant-level prevalence,Primary prevalence analysis,Colour-specific garment variant,All four retailer–market portals pooled,Direct binary flag for each variant,r3_mixed_hardware,R3 Material-ambiguous hardware,expanded,Expanded,47522,18103,0.3809393544042759,38.09393544042759
pooled_variant,Pooled variant-level prevalence,Primary prevalence analysis,Colour-specific garment variant,All four retailer–market portals pooled,Direct binary flag for each variant,r4_fabric_attached_trim,R4 Fabric attached trim,conservative,Conservative,47522,8180,0.17213080257564917,17.21308025756492
pooled_variant,Pooled variant-level prevalence,Primary prevalence analysis,Colour-specific garment variant,All four retailer–market portals pooled,Direct binary flag for each variant,r4_fabric_attached_trim,R4 Fabric attached trim,default,Default,47522,9442,0.19868692395101217,19.868692395101217
pooled_variant,Pooled variant-level prevalence,Primary prevalence analysis,Colour-specific garment variant,All four retailer–market portals pooled,Direct binary flag for each variant,r4_fabric_attached_trim,R4 Fabric attached trim,expanded,Expanded,47522,14396,0.3029333782248222,30.29333782248222
pooled_variant,Pooled variant-level prevalence,Primary prevalence analysis,Colour-specific garment variant,All four retailer–market portals pooled,Direct binary flag for each variant,r5_decorative_nontextile,R5 Decorative/non-textile attachment,conservative,Conservative,47522,548,0.011531501199444467,1.1531501199444467
pooled_variant,Pooled variant-level prevalence,Primary prevalence analysis,Colour-specific garment variant,All four retailer–market portals pooled,Direct binary flag for each variant,r5_decorative_nontextile,R5 Decorative/non-textile attachment,default,Default,47522,945,0.01988552670342157,1.9885526703421572
pooled_variant,Pooled variant-level prevalence,Primary prevalence analysis,Colour-specific garment variant,All four retailer–market portals pooled,Direct binary flag for each variant,r5_decorative_nontextile,R5 Decorative/non-textile attachment,expanded,Expanded,47522,945,0.01988552670342157,1.9885526703421572
pooled_variant,Pooled variant-level prevalence,Primary prevalence analysis,Colour-specific garment variant,All four retailer–market portals pooled,Direct binary flag for each variant,r6_surface_print_coating,R6 Surface print/coating barrier,conservative,Conservative,47522,944,0.01986448381802113,1.9864483818021128
pooled_variant,Pooled variant-level prevalence,Primary prevalence analysis,Colour-specific garment variant,All four retailer–market portals pooled,Direct binary flag for each variant,r6_surface_print_coating,R6 Surface print/coating barrier,default,Default,47522,1468,0.03089095576785489,3.089095576785489
pooled_variant,Pooled variant-level prevalence,Primary prevalence analysis,Colour-specific garment variant,All four retailer–market portals pooled,Direct binary flag for each variant,r6_surface_print_coating,R6 Surface print/coating barrier,expanded,Expanded,47522,2006,0.04221202811329489,4.22120281132949
pooled_variant,Pooled variant-level prevalence,Primary prevalence analysis,Colour-specific garment variant,All four retailer–market portals pooled,Direct binary flag for each variant,r7_lining_multilayer,R7 Lining/multilayer presence,conservative,Conservative,47522,8976,0.18888093935440428,18.888093935440427
pooled_variant,Pooled variant-level prevalence,Primary prevalence analysis,Colour-specific garment variant,All four retailer–market portals pooled,Direct binary flag for each variant,r7_lining_multilayer,R7 Lining/multilayer presence,default,Default,47522,10920,0.22978830857287152,22.978830857287154
pooled_variant,Pooled variant-level prevalence,Primary prevalence analysis,Colour-specific garment variant,All four retailer–market portals pooled,Direct binary flag for each variant,r7_lining_multilayer,R7 Lining/multilayer presence,expanded,Expanded,47522,11605,0.2442026850721771,24.42026850721771
pooled_variant,Pooled variant-level prevalence,Primary prevalence analysis,Colour-specific garment variant,All four retailer–market portals pooled,Direct binary flag for each variant,r7b_hidden_layer_mismatch,R7b Hidden-layer mismatch diagnostic,conservative,Conservative,47522,4090,0.08606540128782458,8.60654012878246
pooled_variant,Pooled variant-level prevalence,Primary prevalence analysis,Colour-specific garment variant,All four retailer–market portals pooled,Direct binary flag for each variant,r7b_hidden_layer_mismatch,R7b Hidden-layer mismatch diagnostic,default,Default,47522,3878,0.08160430958293001,8.160430958293
pooled_variant,Pooled variant-level prevalence,Primary prevalence analysis,Colour-specific garment variant,All four retailer–market portals pooled,Direct binary flag for each variant,r7b_hidden_layer_mismatch,R7b Hidden-layer mismatch diagnostic,expanded,Expanded,47522,3878,0.08160430958293001,8.160430958293
pooled_variant,Pooled variant-level prevalence,Primary prevalence analysis,Colour-specific garment variant,All four retailer–market portals pooled,Direct binary flag for each variant,r8_secondary_component_presence,R8 Secondary-component presence,conservative,Conservative,47522,5124,0.10782374479188586,10.782374479188586
pooled_variant,Pooled variant-level prevalence,Primary prevalence analysis,Colour-specific garment variant,All four retailer–market portals pooled,Direct binary flag for each variant,r8_secondary_component_presence,R8 Secondary-component presence,default,Default,47522,5124,0.10782374479188586,10.782374479188586
pooled_variant,Pooled variant-level prevalence,Primary prevalence analysis,Colour-specific garment variant,All four retailer–market portals pooled,Direct binary flag for each variant,r8_secondary_component_presence,R8 Secondary-component presence,expanded,Expanded,47522,5535,0.11647237069146922,11.647237069146922
pooled_variant,Pooled variant-level prevalence,Primary prevalence analysis,Colour-specific garment variant,All four retailer–market portals pooled,Direct binary flag for each variant,r8b_secondary_material_difference,R8b Secondary-component mismatch diagnostic,conservative,Conservative,47522,2904,0.0611085392028955,6.11085392028955
pooled_variant,Pooled variant-level prevalence,Primary prevalence analysis,Colour-specific garment variant,All four retailer–market portals pooled,Direct binary flag for each variant,r8b_secondary_material_difference,R8b Secondary-component mismatch diagnostic,default,Default,47522,2798,0.058877993350448216,5.8877993350448214
pooled_variant,Pooled variant-level prevalence,Primary prevalence analysis,Colour-specific garment variant,All four retailer–market portals pooled,Direct binary flag for each variant,r8b_secondary_material_difference,R8b Secondary-component mismatch diagnostic,expanded,Expanded,47522,2798,0.058877993350448216,5.8877993350448214
portal_variant_hm_au,H&M Australia: variant-level prevalence,Complementary source-boundary analysis,Colour-specific garment variant,H&M Australia,Direct binary flag for each variant within portal,any_removable_disruptor,Any removable-hardware indicator (R1–R3),conservative,Conservative,14238,3289,0.2310015451608372,23.10015451608372
portal_variant_hm_au,H&M Australia: variant-level prevalence,Complementary source-boundary analysis,Colour-specific garment variant,H&M Australia,Direct binary flag for each variant within portal,any_removable_disruptor,Any removable-hardware indicator (R1–R3),default,Default,14238,4090,0.28725944655148195,28.725944655148194
portal_variant_hm_au,H&M Australia: variant-level prevalence,Complementary source-boundary analysis,Colour-specific garment variant,H&M Australia,Direct binary flag for each variant within portal,any_removable_disruptor,Any removable-hardware indicator (R1–R3),expanded,Expanded,14238,6240,0.4382638010956595,43.826380109565946
portal_variant_hm_au,H&M Australia: variant-level prevalence,Complementary source-boundary analysis,Colour-specific garment variant,H&M Australia,Direct binary flag for each variant within portal,any_retained_barrier,Any retained-barrier indicator (R4–R8),conservative,Conservative,14238,5976,0.4197218710493047,41.97218710493047
portal_variant_hm_au,H&M Australia: variant-level prevalence,Complementary source-boundary analysis,Colour-specific garment variant,H&M Australia,Direct binary flag for each variant within portal,any_retained_barrier,Any retained-barrier indicator (R4–R8),default,Default,14238,6584,0.46242449782272793,46.24244978227279
portal_variant_hm_au,H&M Australia: variant-level prevalence,Complementary source-boundary analysis,Colour-specific garment variant,H&M Australia,Direct binary flag for each variant within portal,any_retained_barrier,Any retained-barrier indicator (R4–R8),expanded,Expanded,14238,7200,0.5056890012642224,50.56890012642224
portal_variant_hm_au,H&M Australia: variant-level prevalence,Complementary source-boundary analysis,Colour-specific garment variant,H&M Australia,Direct binary flag for each variant within portal,any_disruptor_overall,Any core disruptor indicator (R1–R8),conservative,Conservative,14238,7313,0.5136255092007305,51.36255092007305
portal_variant_hm_au,H&M Australia: variant-level prevalence,Complementary source-boundary analysis,Colour-specific garment variant,H&M Australia,Direct binary flag for each variant within portal,any_disruptor_overall,Any core disruptor indicator (R1–R8),default,Default,14238,8030,0.5639837055766259,56.39837055766259
portal_variant_hm_au,H&M Australia: variant-level prevalence,Complementary source-boundary analysis,Colour-specific garment variant,H&M Australia,Direct binary flag for each variant within portal,any_disruptor_overall,Any core disruptor indicator (R1–R8),expanded,Expanded,14238,9811,0.689071498806012,68.90714988060121
portal_variant_hm_au,H&M Australia: variant-level prevalence,Complementary source-boundary analysis,Colour-specific garment variant,H&M Australia,Direct binary flag for each variant within portal,r1_metal_hardware,R1 Metal-specified/conventional hardware,conservative,Conservative,14238,927,0.06510745891276865,6.510745891276865
portal_variant_hm_au,H&M Australia: variant-level prevalence,Complementary source-boundary analysis,Colour-specific garment variant,H&M Australia,Direct binary flag for each variant within portal,r1_metal_hardware,R1 Metal-specified/conventional hardware,default,Default,14238,1963,0.13787048742800956,13.787048742800955
portal_variant_hm_au,H&M Australia: variant-level prevalence,Complementary source-boundary analysis,Colour-specific garment variant,H&M Australia,Direct binary flag for each variant within portal,r1_metal_hardware,R1 Metal-specified/conventional hardware,expanded,Expanded,14238,1979,0.13899424076415226,13.899424076415226
portal_variant_hm_au,H&M Australia: variant-level prevalence,Complementary source-boundary analysis,Colour-specific garment variant,H&M Australia,Direct binary flag for each variant within portal,r2_plastic_hardware,R2 Plastic-specified hardware,conservative,Conservative,14238,20,0.0014046916701783959,0.1404691670178396
portal_variant_hm_au,H&M Australia: variant-level prevalence,Complementary source-boundary analysis,Colour-specific garment variant,H&M Australia,Direct binary flag for each variant within portal,r2_plastic_hardware,R2 Plastic-specified hardware,default,Default,14238,20,0.0014046916701783959,0.1404691670178396
portal_variant_hm_au,H&M Australia: variant-level prevalence,Complementary source-boundary analysis,Colour-specific garment variant,H&M Australia,Direct binary flag for each variant within portal,r2_plastic_hardware,R2 Plastic-specified hardware,expanded,Expanded,14238,20,0.0014046916701783959,0.1404691670178396
portal_variant_hm_au,H&M Australia: variant-level prevalence,Complementary source-boundary analysis,Colour-specific garment variant,H&M Australia,Direct binary flag for each variant within portal,r3_mixed_hardware,R3 Material-ambiguous hardware,conservative,Conservative,14238,2836,0.19918527883129653,19.918527883129652
portal_variant_hm_au,H&M Australia: variant-level prevalence,Complementary source-boundary analysis,Colour-specific garment variant,H&M Australia,Direct binary flag for each variant within portal,r3_mixed_hardware,R3 Material-ambiguous hardware,default,Default,14238,3401,0.2388678185138362,23.88678185138362
portal_variant_hm_au,H&M Australia: variant-level prevalence,Complementary source-boundary analysis,Colour-specific garment variant,H&M Australia,Direct binary flag for each variant within portal,r3_mixed_hardware,R3 Material-ambiguous hardware,expanded,Expanded,14238,5751,0.40391908975979773,40.391908975979774
portal_variant_hm_au,H&M Australia: variant-level prevalence,Complementary source-boundary analysis,Colour-specific garment variant,H&M Australia,Direct binary flag for each variant within portal,r4_fabric_attached_trim,R4 Fabric attached trim,conservative,Conservative,14238,2711,0.19040595589268156,19.040595589268154
portal_variant_hm_au,H&M Australia: variant-level prevalence,Complementary source-boundary analysis,Colour-specific garment variant,H&M Australia,Direct binary flag for each variant within portal,r4_fabric_attached_trim,R4 Fabric attached trim,default,Default,14238,2840,0.19946621716533222,19.946621716533222
portal_variant_hm_au,H&M Australia: variant-level prevalence,Complementary source-boundary analysis,Colour-specific garment variant,H&M Australia,Direct binary flag for each variant within portal,r4_fabric_attached_trim,R4 Fabric attached trim,expanded,Expanded,14238,3860,0.2711054923444304,27.110549234443038
portal_variant_hm_au,H&M Australia: variant-level prevalence,Complementary source-boundary analysis,Colour-specific garment variant,H&M Australia,Direct binary flag for each variant within portal,r5_decorative_nontextile,R5 Decorative/non-textile attachment,conservative,Conservative,14238,163,0.011448237111953925,1.1448237111953925
portal_variant_hm_au,H&M Australia: variant-level prevalence,Complementary source-boundary analysis,Colour-specific garment variant,H&M Australia,Direct binary flag for each variant within portal,r5_decorative_nontextile,R5 Decorative/non-textile attachment,default,Default,14238,275,0.019314510464952944,1.9314510464952943
portal_variant_hm_au,H&M Australia: variant-level prevalence,Complementary source-boundary analysis,Colour-specific garment variant,H&M Australia,Direct binary flag for each variant within portal,r5_decorative_nontextile,R5 Decorative/non-textile attachment,expanded,Expanded,14238,275,0.019314510464952944,1.9314510464952943
portal_variant_hm_au,H&M Australia: variant-level prevalence,Complementary source-boundary analysis,Colour-specific garment variant,H&M Australia,Direct binary flag for each variant within portal,r6_surface_print_coating,R6 Surface print/coating barrier,conservative,Conservative,14238,210,0.014749262536873156,1.4749262536873156
portal_variant_hm_au,H&M Australia: variant-level prevalence,Complementary source-boundary analysis,Colour-specific garment variant,H&M Australia,Direct binary flag for each variant within portal,r6_surface_print_coating,R6 Surface print/coating barrier,default,Default,14238,391,0.02746172215198764,2.7461722151987638
portal_variant_hm_au,H&M Australia: variant-level prevalence,Complementary source-boundary analysis,Colour-specific garment variant,H&M Australia,Direct binary flag for each variant within portal,r6_surface_print_coating,R6 Surface print/coating barrier,expanded,Expanded,14238,607,0.04263239218991431,4.263239218991431
portal_variant_hm_au,H&M Australia: variant-level prevalence,Complementary source-boundary analysis,Colour-specific garment variant,H&M Australia,Direct binary flag for each variant within portal,r7_lining_multilayer,R7 Lining/multilayer presence,conservative,Conservative,14238,2987,0.2097907009411434,20.97907009411434
portal_variant_hm_au,H&M Australia: variant-level prevalence,Complementary source-boundary analysis,Colour-specific garment variant,H&M Australia,Direct binary flag for each variant within portal,r7_lining_multilayer,R7 Lining/multilayer presence,default,Default,14238,3642,0.2557943531394859,25.57943531394859
portal_variant_hm_au,H&M Australia: variant-level prevalence,Complementary source-boundary analysis,Colour-specific garment variant,H&M Australia,Direct binary flag for each variant within portal,r7_lining_multilayer,R7 Lining/multilayer presence,expanded,Expanded,14238,3795,0.2665402444163506,26.65402444163506
portal_variant_hm_au,H&M Australia: variant-level prevalence,Complementary source-boundary analysis,Colour-specific garment variant,H&M Australia,Direct binary flag for each variant within portal,r7b_hidden_layer_mismatch,R7b Hidden-layer mismatch diagnostic,conservative,Conservative,14238,1280,0.08990026689141734,8.990026689141734
portal_variant_hm_au,H&M Australia: variant-level prevalence,Complementary source-boundary analysis,Colour-specific garment variant,H&M Australia,Direct binary flag for each variant within portal,r7b_hidden_layer_mismatch,R7b Hidden-layer mismatch diagnostic,default,Default,14238,1205,0.08463267312824835,8.463267312824835
portal_variant_hm_au,H&M Australia: variant-level prevalence,Complementary source-boundary analysis,Colour-specific garment variant,H&M Australia,Direct binary flag for each variant within portal,r7b_hidden_layer_mismatch,R7b Hidden-layer mismatch diagnostic,expanded,Expanded,14238,1205,0.08463267312824835,8.463267312824835
portal_variant_hm_au,H&M Australia: variant-level prevalence,Complementary source-boundary analysis,Colour-specific garment variant,H&M Australia,Direct binary flag for each variant within portal,r8_secondary_component_presence,R8 Secondary-component presence,conservative,Conservative,14238,1295,0.09095378564405113,9.095378564405113
portal_variant_hm_au,H&M Australia: variant-level prevalence,Complementary source-boundary analysis,Colour-specific garment variant,H&M Australia,Direct binary flag for each variant within portal,r8_secondary_component_presence,R8 Secondary-component presence,default,Default,14238,1295,0.09095378564405113,9.095378564405113
portal_variant_hm_au,H&M Australia: variant-level prevalence,Complementary source-boundary analysis,Colour-specific garment variant,H&M Australia,Direct binary flag for each variant within portal,r8_secondary_component_presence,R8 Secondary-component presence,expanded,Expanded,14238,1430,0.1004354544177553,10.04354544177553
portal_variant_hm_au,H&M Australia: variant-level prevalence,Complementary source-boundary analysis,Colour-specific garment variant,H&M Australia,Direct binary flag for each variant within portal,r8b_secondary_material_difference,R8b Secondary-component mismatch diagnostic,conservative,Conservative,14238,698,0.049023739289226015,4.902373928922602
portal_variant_hm_au,H&M Australia: variant-level prevalence,Complementary source-boundary analysis,Colour-specific garment variant,H&M Australia,Direct binary flag for each variant within portal,r8b_secondary_material_difference,R8b Secondary-component mismatch diagnostic,default,Default,14238,714,0.05014749262536873,5.014749262536873
portal_variant_hm_au,H&M Australia: variant-level prevalence,Complementary source-boundary analysis,Colour-specific garment variant,H&M Australia,Direct binary flag for each variant within portal,r8b_secondary_material_difference,R8b Secondary-component mismatch diagnostic,expanded,Expanded,14238,714,0.05014749262536873,5.014749262536873
portal_variant_hm_gb,H&M Great Britain: variant-level prevalence,Complementary source-boundary analysis,Colour-specific garment variant,H&M Great Britain,Direct binary flag for each variant within portal,any_removable_disruptor,Any removable-hardware indicator (R1–R3),conservative,Conservative,26839,6453,0.24043369723164051,24.04336972316405
portal_variant_hm_gb,H&M Great Britain: variant-level prevalence,Complementary source-boundary analysis,Colour-specific garment variant,H&M Great Britain,Direct binary flag for each variant within portal,any_removable_disruptor,Any removable-hardware indicator (R1–R3),default,Default,26839,7954,0.29635977495435745,29.635977495435746
portal_variant_hm_gb,H&M Great Britain: variant-level prevalence,Complementary source-boundary analysis,Colour-specific garment variant,H&M Great Britain,Direct binary flag for each variant within portal,any_removable_disruptor,Any removable-hardware indicator (R1–R3),expanded,Expanded,26839,12531,0.4668951898356869,46.68951898356869
portal_variant_hm_gb,H&M Great Britain: variant-level prevalence,Complementary source-boundary analysis,Colour-specific garment variant,H&M Great Britain,Direct binary flag for each variant within portal,any_retained_barrier,Any retained-barrier indicator (R4–R8),conservative,Conservative,26839,10399,0.3874585491262715,38.745854912627145
portal_variant_hm_gb,H&M Great Britain: variant-level prevalence,Complementary source-boundary analysis,Colour-specific garment variant,H&M Great Britain,Direct binary flag for each variant within portal,any_retained_barrier,Any retained-barrier indicator (R4–R8),default,Default,26839,11563,0.4308282722903238,43.082827229032375
portal_variant_hm_gb,H&M Great Britain: variant-level prevalence,Complementary source-boundary analysis,Colour-specific garment variant,H&M Great Britain,Direct binary flag for each variant within portal,any_retained_barrier,Any retained-barrier indicator (R4–R8),expanded,Expanded,26839,14366,0.5352658444800477,53.52658444800477
portal_variant_hm_gb,H&M Great Britain: variant-level prevalence,Complementary source-boundary analysis,Colour-specific garment variant,H&M Great Britain,Direct binary flag for each variant within portal,any_disruptor_overall,Any core disruptor indicator (R1–R8),conservative,Conservative,26839,13205,0.4920078989530161,49.20078989530161
portal_variant_hm_gb,H&M Great Britain: variant-level prevalence,Complementary source-boundary analysis,Colour-specific garment variant,H&M Great Britain,Direct binary flag for each variant within portal,any_disruptor_overall,Any core disruptor indicator (R1–R8),default,Default,26839,14783,0.5508029360259324,55.080293602593244
portal_variant_hm_gb,H&M Great Britain: variant-level prevalence,Complementary source-boundary analysis,Colour-specific garment variant,H&M Great Britain,Direct binary flag for each variant within portal,any_disruptor_overall,Any core disruptor indicator (R1–R8),expanded,Expanded,26839,19519,0.7272625656693618,72.72625656693617
portal_variant_hm_gb,H&M Great Britain: variant-level prevalence,Complementary source-boundary analysis,Colour-specific garment variant,H&M Great Britain,Direct binary flag for each variant within portal,r1_metal_hardware,R1 Metal-specified/conventional hardware,conservative,Conservative,26839,1653,0.061589477998435116,6.158947799843512
portal_variant_hm_gb,H&M Great Britain: variant-level prevalence,Complementary source-boundary analysis,Colour-specific garment variant,H&M Great Britain,Direct binary flag for each variant within portal,r1_metal_hardware,R1 Metal-specified/conventional hardware,default,Default,26839,3829,0.14266552405082156,14.266552405082155
portal_variant_hm_gb,H&M Great Britain: variant-level prevalence,Complementary source-boundary analysis,Colour-specific garment variant,H&M Great Britain,Direct binary flag for each variant within portal,r1_metal_hardware,R1 Metal-specified/conventional hardware,expanded,Expanded,26839,3849,0.1434107082976266,14.341070829762659
portal_variant_hm_gb,H&M Great Britain: variant-level prevalence,Complementary source-boundary analysis,Colour-specific garment variant,H&M Great Britain,Direct binary flag for each variant within portal,r2_plastic_hardware,R2 Plastic-specified hardware,conservative,Conservative,26839,51,0.0019002198293528074,0.19002198293528075
portal_variant_hm_gb,H&M Great Britain: variant-level prevalence,Complementary source-boundary analysis,Colour-specific garment variant,H&M Great Britain,Direct binary flag for each variant within portal,r2_plastic_hardware,R2 Plastic-specified hardware,default,Default,26839,51,0.0019002198293528074,0.19002198293528075
portal_variant_hm_gb,H&M Great Britain: variant-level prevalence,Complementary source-boundary analysis,Colour-specific garment variant,H&M Great Britain,Direct binary flag for each variant within portal,r2_plastic_hardware,R2 Plastic-specified hardware,expanded,Expanded,26839,51,0.0019002198293528074,0.19002198293528075
portal_variant_hm_gb,H&M Great Britain: variant-level prevalence,Complementary source-boundary analysis,Colour-specific garment variant,H&M Great Britain,Direct binary flag for each variant within portal,r3_mixed_hardware,R3 Material-ambiguous hardware,conservative,Conservative,26839,5795,0.2159171355117553,21.59171355117553
portal_variant_hm_gb,H&M Great Britain: variant-level prevalence,Complementary source-boundary analysis,Colour-specific garment variant,H&M Great Britain,Direct binary flag for each variant within portal,r3_mixed_hardware,R3 Material-ambiguous hardware,default,Default,26839,6083,0.2266477886657476,22.66477886657476
portal_variant_hm_gb,H&M Great Britain: variant-level prevalence,Complementary source-boundary analysis,Colour-specific garment variant,H&M Great Britain,Direct binary flag for each variant within portal,r3_mixed_hardware,R3 Material-ambiguous hardware,expanded,Expanded,26839,11054,0.411863333209136,41.1863333209136
portal_variant_hm_gb,H&M Great Britain: variant-level prevalence,Complementary source-boundary analysis,Colour-specific garment variant,H&M Great Britain,Direct binary flag for each variant within portal,r4_fabric_attached_trim,R4 Fabric attached trim,conservative,Conservative,26839,4337,0.16159320391966914,16.159320391966915
portal_variant_hm_gb,H&M Great Britain: variant-level prevalence,Complementary source-boundary analysis,Colour-specific garment variant,H&M Great Britain,Direct binary flag for each variant within portal,r4_fabric_attached_trim,R4 Fabric attached trim,default,Default,26839,4696,0.17496926114981928,17.496926114981928
portal_variant_hm_gb,H&M Great Britain: variant-level prevalence,Complementary source-boundary analysis,Colour-specific garment variant,H&M Great Britain,Direct binary flag for each variant within portal,r4_fabric_attached_trim,R4 Fabric attached trim,expanded,Expanded,26839,8537,0.31808189574872386,31.808189574872387
portal_variant_hm_gb,H&M Great Britain: variant-level prevalence,Complementary source-boundary analysis,Colour-specific garment variant,H&M Great Britain,Direct binary flag for each variant within portal,r5_decorative_nontextile,R5 Decorative/non-textile attachment,conservative,Conservative,26839,382,0.01423301911397593,1.423301911397593
portal_variant_hm_gb,H&M Great Britain: variant-level prevalence,Complementary source-boundary analysis,Colour-specific garment variant,H&M Great Britain,Direct binary flag for each variant within portal,r5_decorative_nontextile,R5 Decorative/non-textile attachment,default,Default,26839,665,0.024777376206267,2.4777376206267
portal_variant_hm_gb,H&M Great Britain: variant-level prevalence,Complementary source-boundary analysis,Colour-specific garment variant,H&M Great Britain,Direct binary flag for each variant within portal,r5_decorative_nontextile,R5 Decorative/non-textile attachment,expanded,Expanded,26839,665,0.024777376206267,2.4777376206267
portal_variant_hm_gb,H&M Great Britain: variant-level prevalence,Complementary source-boundary analysis,Colour-specific garment variant,H&M Great Britain,Direct binary flag for each variant within portal,r6_surface_print_coating,R6 Surface print/coating barrier,conservative,Conservative,26839,380,0.014158500689295429,1.4158500689295428
portal_variant_hm_gb,H&M Great Britain: variant-level prevalence,Complementary source-boundary analysis,Colour-specific garment variant,H&M Great Britain,Direct binary flag for each variant within portal,r6_surface_print_coating,R6 Surface print/coating barrier,default,Default,26839,626,0.023324266924997207,2.3324266924997206
portal_variant_hm_gb,H&M Great Britain: variant-level prevalence,Complementary source-boundary analysis,Colour-specific garment variant,H&M Great Britain,Direct binary flag for each variant within portal,r6_surface_print_coating,R6 Surface print/coating barrier,expanded,Expanded,26839,948,0.03532173329855807,3.532173329855807
portal_variant_hm_gb,H&M Great Britain: variant-level prevalence,Complementary source-boundary analysis,Colour-specific garment variant,H&M Great Britain,Direct binary flag for each variant within portal,r7_lining_multilayer,R7 Lining/multilayer presence,conservative,Conservative,26839,5375,0.2002682663288498,20.02682663288498
portal_variant_hm_gb,H&M Great Britain: variant-level prevalence,Complementary source-boundary analysis,Colour-specific garment variant,H&M Great Britain,Direct binary flag for each variant within portal,r7_lining_multilayer,R7 Lining/multilayer presence,default,Default,26839,6365,0.2371548865456984,23.715488654569842
portal_variant_hm_gb,H&M Great Britain: variant-level prevalence,Complementary source-boundary analysis,Colour-specific garment variant,H&M Great Britain,Direct binary flag for each variant within portal,r7_lining_multilayer,R7 Lining/multilayer presence,expanded,Expanded,26839,6691,0.2493013897686203,24.93013897686203
portal_variant_hm_gb,H&M Great Britain: variant-level prevalence,Complementary source-boundary analysis,Colour-specific garment variant,H&M Great Britain,Direct binary flag for each variant within portal,r7b_hidden_layer_mismatch,R7b Hidden-layer mismatch diagnostic,conservative,Conservative,26839,2364,0.08808077797235367,8.808077797235367
portal_variant_hm_gb,H&M Great Britain: variant-level prevalence,Complementary source-boundary analysis,Colour-specific garment variant,H&M Great Britain,Direct binary flag for each variant within portal,r7b_hidden_layer_mismatch,R7b Hidden-layer mismatch diagnostic,default,Default,26839,2195,0.08178397108685122,8.178397108685122
portal_variant_hm_gb,H&M Great Britain: variant-level prevalence,Complementary source-boundary analysis,Colour-specific garment variant,H&M Great Britain,Direct binary flag for each variant within portal,r7b_hidden_layer_mismatch,R7b Hidden-layer mismatch diagnostic,expanded,Expanded,26839,2195,0.08178397108685122,8.178397108685122
portal_variant_hm_gb,H&M Great Britain: variant-level prevalence,Complementary source-boundary analysis,Colour-specific garment variant,H&M Great Britain,Direct binary flag for each variant within portal,r8_secondary_component_presence,R8 Secondary-component presence,conservative,Conservative,26839,2049,0.07634412608517456,7.634412608517456
portal_variant_hm_gb,H&M Great Britain: variant-level prevalence,Complementary source-boundary analysis,Colour-specific garment variant,H&M Great Britain,Direct binary flag for each variant within portal,r8_secondary_component_presence,R8 Secondary-component presence,default,Default,26839,2049,0.07634412608517456,7.634412608517456
portal_variant_hm_gb,H&M Great Britain: variant-level prevalence,Complementary source-boundary analysis,Colour-specific garment variant,H&M Great Britain,Direct binary flag for each variant within portal,r8_secondary_component_presence,R8 Secondary-component presence,expanded,Expanded,26839,2311,0.08610603971832036,8.610603971832036
portal_variant_hm_gb,H&M Great Britain: variant-level prevalence,Complementary source-boundary analysis,Colour-specific garment variant,H&M Great Britain,Direct binary flag for each variant within portal,r8b_secondary_material_difference,R8b Secondary-component mismatch diagnostic,conservative,Conservative,26839,1127,0.04199113230746302,4.199113230746302
portal_variant_hm_gb,H&M Great Britain: variant-level prevalence,Complementary source-boundary analysis,Colour-specific garment variant,H&M Great Britain,Direct binary flag for each variant within portal,r8b_secondary_material_difference,R8b Secondary-component mismatch diagnostic,default,Default,26839,1116,0.04158128097172026,4.158128097172026
portal_variant_hm_gb,H&M Great Britain: variant-level prevalence,Complementary source-boundary analysis,Colour-specific garment variant,H&M Great Britain,Direct binary flag for each variant within portal,r8b_secondary_material_difference,R8b Secondary-component mismatch diagnostic,expanded,Expanded,26839,1116,0.04158128097172026,4.158128097172026
portal_variant_uniqlo_au,Uniqlo Australia: variant-level prevalence,Complementary source-boundary analysis,Colour-specific garment variant,Uniqlo Australia,Direct binary flag for each variant within portal,any_removable_disruptor,Any removable-hardware indicator (R1–R3),conservative,Conservative,2825,226,0.08,8.0
portal_variant_uniqlo_au,Uniqlo Australia: variant-level prevalence,Complementary source-boundary analysis,Colour-specific garment variant,Uniqlo Australia,Direct binary flag for each variant within portal,any_removable_disruptor,Any removable-hardware indicator (R1–R3),default,Default,2825,384,0.13592920353982302,13.592920353982302
portal_variant_uniqlo_au,Uniqlo Australia: variant-level prevalence,Complementary source-boundary analysis,Colour-specific garment variant,Uniqlo Australia,Direct binary flag for each variant within portal,any_removable_disruptor,Any removable-hardware indicator (R1–R3),expanded,Expanded,2825,620,0.21946902654867256,21.946902654867255
portal_variant_uniqlo_au,Uniqlo Australia: variant-level prevalence,Complementary source-boundary analysis,Colour-specific garment variant,Uniqlo Australia,Direct binary flag for each variant within portal,any_retained_barrier,Any retained-barrier indicator (R4–R8),conservative,Conservative,2825,1055,0.3734513274336283,37.34513274336283
portal_variant_uniqlo_au,Uniqlo Australia: variant-level prevalence,Complementary source-boundary analysis,Colour-specific garment variant,Uniqlo Australia,Direct binary flag for each variant within portal,any_retained_barrier,Any retained-barrier indicator (R4–R8),default,Default,2825,1372,0.4856637168141593,48.56637168141593
portal_variant_uniqlo_au,Uniqlo Australia: variant-level prevalence,Complementary source-boundary analysis,Colour-specific garment variant,Uniqlo Australia,Direct binary flag for each variant within portal,any_retained_barrier,Any retained-barrier indicator (R4–R8),expanded,Expanded,2825,1489,0.5270796460176991,52.70796460176991
portal_variant_uniqlo_au,Uniqlo Australia: variant-level prevalence,Complementary source-boundary analysis,Colour-specific garment variant,Uniqlo Australia,Direct binary flag for each variant within portal,any_disruptor_overall,Any core disruptor indicator (R1–R8),conservative,Conservative,2825,1130,0.4,40.0
portal_variant_uniqlo_au,Uniqlo Australia: variant-level prevalence,Complementary source-boundary analysis,Colour-specific garment variant,Uniqlo Australia,Direct binary flag for each variant within portal,any_disruptor_overall,Any core disruptor indicator (R1–R8),default,Default,2825,1439,0.5093805309734514,50.93805309734514
portal_variant_uniqlo_au,Uniqlo Australia: variant-level prevalence,Complementary source-boundary analysis,Colour-specific garment variant,Uniqlo Australia,Direct binary flag for each variant within portal,any_disruptor_overall,Any core disruptor indicator (R1–R8),expanded,Expanded,2825,1639,0.5801769911504425,58.01769911504425
portal_variant_uniqlo_au,Uniqlo Australia: variant-level prevalence,Complementary source-boundary analysis,Colour-specific garment variant,Uniqlo Australia,Direct binary flag for each variant within portal,r1_metal_hardware,R1 Metal-specified/conventional hardware,conservative,Conservative,2825,12,0.004247787610619469,0.42477876106194695
portal_variant_uniqlo_au,Uniqlo Australia: variant-level prevalence,Complementary source-boundary analysis,Colour-specific garment variant,Uniqlo Australia,Direct binary flag for each variant within portal,r1_metal_hardware,R1 Metal-specified/conventional hardware,default,Default,2825,43,0.015221238938053097,1.5221238938053097
portal_variant_uniqlo_au,Uniqlo Australia: variant-level prevalence,Complementary source-boundary analysis,Colour-specific garment variant,Uniqlo Australia,Direct binary flag for each variant within portal,r1_metal_hardware,R1 Metal-specified/conventional hardware,expanded,Expanded,2825,43,0.015221238938053097,1.5221238938053097
portal_variant_uniqlo_au,Uniqlo Australia: variant-level prevalence,Complementary source-boundary analysis,Colour-specific garment variant,Uniqlo Australia,Direct binary flag for each variant within portal,r2_plastic_hardware,R2 Plastic-specified hardware,conservative,Conservative,2825,32,0.011327433628318584,1.1327433628318584
portal_variant_uniqlo_au,Uniqlo Australia: variant-level prevalence,Complementary source-boundary analysis,Colour-specific garment variant,Uniqlo Australia,Direct binary flag for each variant within portal,r2_plastic_hardware,R2 Plastic-specified hardware,default,Default,2825,32,0.011327433628318584,1.1327433628318584
portal_variant_uniqlo_au,Uniqlo Australia: variant-level prevalence,Complementary source-boundary analysis,Colour-specific garment variant,Uniqlo Australia,Direct binary flag for each variant within portal,r2_plastic_hardware,R2 Plastic-specified hardware,expanded,Expanded,2825,32,0.011327433628318584,1.1327433628318584
portal_variant_uniqlo_au,Uniqlo Australia: variant-level prevalence,Complementary source-boundary analysis,Colour-specific garment variant,Uniqlo Australia,Direct binary flag for each variant within portal,r3_mixed_hardware,R3 Material-ambiguous hardware,conservative,Conservative,2825,223,0.07893805309734513,7.893805309734512
portal_variant_uniqlo_au,Uniqlo Australia: variant-level prevalence,Complementary source-boundary analysis,Colour-specific garment variant,Uniqlo Australia,Direct binary flag for each variant within portal,r3_mixed_hardware,R3 Material-ambiguous hardware,default,Default,2825,354,0.12530973451327435,12.530973451327435
portal_variant_uniqlo_au,Uniqlo Australia: variant-level prevalence,Complementary source-boundary analysis,Colour-specific garment variant,Uniqlo Australia,Direct binary flag for each variant within portal,r3_mixed_hardware,R3 Material-ambiguous hardware,expanded,Expanded,2825,593,0.20991150442477877,20.991150442477878
portal_variant_uniqlo_au,Uniqlo Australia: variant-level prevalence,Complementary source-boundary analysis,Colour-specific garment variant,Uniqlo Australia,Direct binary flag for each variant within portal,r4_fabric_attached_trim,R4 Fabric attached trim,conservative,Conservative,2825,475,0.168141592920354,16.8141592920354
portal_variant_uniqlo_au,Uniqlo Australia: variant-level prevalence,Complementary source-boundary analysis,Colour-specific garment variant,Uniqlo Australia,Direct binary flag for each variant within portal,r4_fabric_attached_trim,R4 Fabric attached trim,default,Default,2825,869,0.30761061946902657,30.761061946902657
portal_variant_uniqlo_au,Uniqlo Australia: variant-level prevalence,Complementary source-boundary analysis,Colour-specific garment variant,Uniqlo Australia,Direct binary flag for each variant within portal,r4_fabric_attached_trim,R4 Fabric attached trim,expanded,Expanded,2825,918,0.32495575221238937,32.49557522123894
portal_variant_uniqlo_au,Uniqlo Australia: variant-level prevalence,Complementary source-boundary analysis,Colour-specific garment variant,Uniqlo Australia,Direct binary flag for each variant within portal,r5_decorative_nontextile,R5 Decorative/non-textile attachment,conservative,Conservative,2825,3,0.0010619469026548673,0.10619469026548674
portal_variant_uniqlo_au,Uniqlo Australia: variant-level prevalence,Complementary source-boundary analysis,Colour-specific garment variant,Uniqlo Australia,Direct binary flag for each variant within portal,r5_decorative_nontextile,R5 Decorative/non-textile attachment,default,Default,2825,3,0.0010619469026548673,0.10619469026548674
portal_variant_uniqlo_au,Uniqlo Australia: variant-level prevalence,Complementary source-boundary analysis,Colour-specific garment variant,Uniqlo Australia,Direct binary flag for each variant within portal,r5_decorative_nontextile,R5 Decorative/non-textile attachment,expanded,Expanded,2825,3,0.0010619469026548673,0.10619469026548674
portal_variant_uniqlo_au,Uniqlo Australia: variant-level prevalence,Complementary source-boundary analysis,Colour-specific garment variant,Uniqlo Australia,Direct binary flag for each variant within portal,r6_surface_print_coating,R6 Surface print/coating barrier,conservative,Conservative,2825,135,0.047787610619469026,4.778761061946903
portal_variant_uniqlo_au,Uniqlo Australia: variant-level prevalence,Complementary source-boundary analysis,Colour-specific garment variant,Uniqlo Australia,Direct binary flag for each variant within portal,r6_surface_print_coating,R6 Surface print/coating barrier,default,Default,2825,185,0.06548672566371681,6.548672566371681
portal_variant_uniqlo_au,Uniqlo Australia: variant-level prevalence,Complementary source-boundary analysis,Colour-specific garment variant,Uniqlo Australia,Direct binary flag for each variant within portal,r6_surface_print_coating,R6 Surface print/coating barrier,expanded,Expanded,2825,185,0.06548672566371681,6.548672566371681
portal_variant_uniqlo_au,Uniqlo Australia: variant-level prevalence,Complementary source-boundary analysis,Colour-specific garment variant,Uniqlo Australia,Direct binary flag for each variant within portal,r7_lining_multilayer,R7 Lining/multilayer presence,conservative,Conservative,2825,279,0.09876106194690265,9.876106194690266
portal_variant_uniqlo_au,Uniqlo Australia: variant-level prevalence,Complementary source-boundary analysis,Colour-specific garment variant,Uniqlo Australia,Direct binary flag for each variant within portal,r7_lining_multilayer,R7 Lining/multilayer presence,default,Default,2825,389,0.13769911504424778,13.769911504424778
portal_variant_uniqlo_au,Uniqlo Australia: variant-level prevalence,Complementary source-boundary analysis,Colour-specific garment variant,Uniqlo Australia,Direct binary flag for each variant within portal,r7_lining_multilayer,R7 Lining/multilayer presence,expanded,Expanded,2825,500,0.17699115044247787,17.699115044247787
portal_variant_uniqlo_au,Uniqlo Australia: variant-level prevalence,Complementary source-boundary analysis,Colour-specific garment variant,Uniqlo Australia,Direct binary flag for each variant within portal,r7b_hidden_layer_mismatch,R7b Hidden-layer mismatch diagnostic,conservative,Conservative,2825,188,0.06654867256637167,6.654867256637168
portal_variant_uniqlo_au,Uniqlo Australia: variant-level prevalence,Complementary source-boundary analysis,Colour-specific garment variant,Uniqlo Australia,Direct binary flag for each variant within portal,r7b_hidden_layer_mismatch,R7b Hidden-layer mismatch diagnostic,default,Default,2825,197,0.06973451327433629,6.9734513274336285
portal_variant_uniqlo_au,Uniqlo Australia: variant-level prevalence,Complementary source-boundary analysis,Colour-specific garment variant,Uniqlo Australia,Direct binary flag for each variant within portal,r7b_hidden_layer_mismatch,R7b Hidden-layer mismatch diagnostic,expanded,Expanded,2825,197,0.06973451327433629,6.9734513274336285
portal_variant_uniqlo_au,Uniqlo Australia: variant-level prevalence,Complementary source-boundary analysis,Colour-specific garment variant,Uniqlo Australia,Direct binary flag for each variant within portal,r8_secondary_component_presence,R8 Secondary-component presence,conservative,Conservative,2825,760,0.26902654867256637,26.902654867256636
portal_variant_uniqlo_au,Uniqlo Australia: variant-level prevalence,Complementary source-boundary analysis,Colour-specific garment variant,Uniqlo Australia,Direct binary flag for each variant within portal,r8_secondary_component_presence,R8 Secondary-component presence,default,Default,2825,760,0.26902654867256637,26.902654867256636
portal_variant_uniqlo_au,Uniqlo Australia: variant-level prevalence,Complementary source-boundary analysis,Colour-specific garment variant,Uniqlo Australia,Direct binary flag for each variant within portal,r8_secondary_component_presence,R8 Secondary-component presence,expanded,Expanded,2825,764,0.2704424778761062,27.04424778761062
portal_variant_uniqlo_au,Uniqlo Australia: variant-level prevalence,Complementary source-boundary analysis,Colour-specific garment variant,Uniqlo Australia,Direct binary flag for each variant within portal,r8b_secondary_material_difference,R8b Secondary-component mismatch diagnostic,conservative,Conservative,2825,404,0.14300884955752213,14.300884955752213
portal_variant_uniqlo_au,Uniqlo Australia: variant-level prevalence,Complementary source-boundary analysis,Colour-specific garment variant,Uniqlo Australia,Direct binary flag for each variant within portal,r8b_secondary_material_difference,R8b Secondary-component mismatch diagnostic,default,Default,2825,339,0.12,12.0
portal_variant_uniqlo_au,Uniqlo Australia: variant-level prevalence,Complementary source-boundary analysis,Colour-specific garment variant,Uniqlo Australia,Direct binary flag for each variant within portal,r8b_secondary_material_difference,R8b Secondary-component mismatch diagnostic,expanded,Expanded,2825,339,0.12,12.0
portal_variant_uniqlo_uk,Uniqlo UK: variant-level prevalence,Complementary source-boundary analysis,Colour-specific garment variant,Uniqlo UK,Direct binary flag for each variant within portal,any_removable_disruptor,Any removable-hardware indicator (R1–R3),conservative,Conservative,3620,243,0.06712707182320442,6.712707182320441
portal_variant_uniqlo_uk,Uniqlo UK: variant-level prevalence,Complementary source-boundary analysis,Colour-specific garment variant,Uniqlo UK,Direct binary flag for each variant within portal,any_removable_disruptor,Any removable-hardware indicator (R1–R3),default,Default,3620,494,0.13646408839779006,13.646408839779006
portal_variant_uniqlo_uk,Uniqlo UK: variant-level prevalence,Complementary source-boundary analysis,Colour-specific garment variant,Uniqlo UK,Direct binary flag for each variant within portal,any_removable_disruptor,Any removable-hardware indicator (R1–R3),expanded,Expanded,3620,749,0.2069060773480663,20.69060773480663
portal_variant_uniqlo_uk,Uniqlo UK: variant-level prevalence,Complementary source-boundary analysis,Colour-specific garment variant,Uniqlo UK,Direct binary flag for each variant within portal,any_retained_barrier,Any retained-barrier indicator (R4–R8),conservative,Conservative,3620,1513,0.4179558011049724,41.79558011049724
portal_variant_uniqlo_uk,Uniqlo UK: variant-level prevalence,Complementary source-boundary analysis,Colour-specific garment variant,Uniqlo UK,Direct binary flag for each variant within portal,any_retained_barrier,Any retained-barrier indicator (R4–R8),default,Default,3620,1837,0.5074585635359116,50.74585635359116
portal_variant_uniqlo_uk,Uniqlo UK: variant-level prevalence,Complementary source-boundary analysis,Colour-specific garment variant,Uniqlo UK,Direct binary flag for each variant within portal,any_retained_barrier,Any retained-barrier indicator (R4–R8),expanded,Expanded,3620,1913,0.5284530386740331,52.84530386740332
portal_variant_uniqlo_uk,Uniqlo UK: variant-level prevalence,Complementary source-boundary analysis,Colour-specific garment variant,Uniqlo UK,Direct binary flag for each variant within portal,any_disruptor_overall,Any core disruptor indicator (R1–R8),conservative,Conservative,3620,1598,0.4414364640883978,44.14364640883978
portal_variant_uniqlo_uk,Uniqlo UK: variant-level prevalence,Complementary source-boundary analysis,Colour-specific garment variant,Uniqlo UK,Direct binary flag for each variant within portal,any_disruptor_overall,Any core disruptor indicator (R1–R8),default,Default,3620,1930,0.5331491712707183,53.31491712707182
portal_variant_uniqlo_uk,Uniqlo UK: variant-level prevalence,Complementary source-boundary analysis,Colour-specific garment variant,Uniqlo UK,Direct binary flag for each variant within portal,any_disruptor_overall,Any core disruptor indicator (R1–R8),expanded,Expanded,3620,2084,0.5756906077348066,57.569060773480665
portal_variant_uniqlo_uk,Uniqlo UK: variant-level prevalence,Complementary source-boundary analysis,Colour-specific garment variant,Uniqlo UK,Direct binary flag for each variant within portal,r1_metal_hardware,R1 Metal-specified/conventional hardware,conservative,Conservative,3620,21,0.005801104972375691,0.5801104972375691
portal_variant_uniqlo_uk,Uniqlo UK: variant-level prevalence,Complementary source-boundary analysis,Colour-specific garment variant,Uniqlo UK,Direct binary flag for each variant within portal,r1_metal_hardware,R1 Metal-specified/conventional hardware,default,Default,3620,67,0.018508287292817678,1.8508287292817678
portal_variant_uniqlo_uk,Uniqlo UK: variant-level prevalence,Complementary source-boundary analysis,Colour-specific garment variant,Uniqlo UK,Direct binary flag for each variant within portal,r1_metal_hardware,R1 Metal-specified/conventional hardware,expanded,Expanded,3620,67,0.018508287292817678,1.8508287292817678
portal_variant_uniqlo_uk,Uniqlo UK: variant-level prevalence,Complementary source-boundary analysis,Colour-specific garment variant,Uniqlo UK,Direct binary flag for each variant within portal,r2_plastic_hardware,R2 Plastic-specified hardware,conservative,Conservative,3620,35,0.009668508287292817,0.9668508287292817
portal_variant_uniqlo_uk,Uniqlo UK: variant-level prevalence,Complementary source-boundary analysis,Colour-specific garment variant,Uniqlo UK,Direct binary flag for each variant within portal,r2_plastic_hardware,R2 Plastic-specified hardware,default,Default,3620,35,0.009668508287292817,0.9668508287292817
portal_variant_uniqlo_uk,Uniqlo UK: variant-level prevalence,Complementary source-boundary analysis,Colour-specific garment variant,Uniqlo UK,Direct binary flag for each variant within portal,r2_plastic_hardware,R2 Plastic-specified hardware,expanded,Expanded,3620,35,0.009668508287292817,0.9668508287292817
portal_variant_uniqlo_uk,Uniqlo UK: variant-level prevalence,Complementary source-boundary analysis,Colour-specific garment variant,Uniqlo UK,Direct binary flag for each variant within portal,r3_mixed_hardware,R3 Material-ambiguous hardware,conservative,Conservative,3620,231,0.06381215469613259,6.3812154696132595
portal_variant_uniqlo_uk,Uniqlo UK: variant-level prevalence,Complementary source-boundary analysis,Colour-specific garment variant,Uniqlo UK,Direct binary flag for each variant within portal,r3_mixed_hardware,R3 Material-ambiguous hardware,default,Default,3620,441,0.1218232044198895,12.182320441988951
portal_variant_uniqlo_uk,Uniqlo UK: variant-level prevalence,Complementary source-boundary analysis,Colour-specific garment variant,Uniqlo UK,Direct binary flag for each variant within portal,r3_mixed_hardware,R3 Material-ambiguous hardware,expanded,Expanded,3620,705,0.19475138121546962,19.475138121546962
portal_variant_uniqlo_uk,Uniqlo UK: variant-level prevalence,Complementary source-boundary analysis,Colour-specific garment variant,Uniqlo UK,Direct binary flag for each variant within portal,r4_fabric_attached_trim,R4 Fabric attached trim,conservative,Conservative,3620,657,0.1814917127071823,18.14917127071823
portal_variant_uniqlo_uk,Uniqlo UK: variant-level prevalence,Complementary source-boundary analysis,Colour-specific garment variant,Uniqlo UK,Direct binary flag for each variant within portal,r4_fabric_attached_trim,R4 Fabric attached trim,default,Default,3620,1037,0.28646408839779003,28.646408839779003
portal_variant_uniqlo_uk,Uniqlo UK: variant-level prevalence,Complementary source-boundary analysis,Colour-specific garment variant,Uniqlo UK,Direct binary flag for each variant within portal,r4_fabric_attached_trim,R4 Fabric attached trim,expanded,Expanded,3620,1081,0.29861878453038676,29.861878453038678
portal_variant_uniqlo_uk,Uniqlo UK: variant-level prevalence,Complementary source-boundary analysis,Colour-specific garment variant,Uniqlo UK,Direct binary flag for each variant within portal,r5_decorative_nontextile,R5 Decorative/non-textile attachment,conservative,Conservative,3620,0,0.0,0.0
portal_variant_uniqlo_uk,Uniqlo UK: variant-level prevalence,Complementary source-boundary analysis,Colour-specific garment variant,Uniqlo UK,Direct binary flag for each variant within portal,r5_decorative_nontextile,R5 Decorative/non-textile attachment,default,Default,3620,2,0.0005524861878453039,0.05524861878453039
portal_variant_uniqlo_uk,Uniqlo UK: variant-level prevalence,Complementary source-boundary analysis,Colour-specific garment variant,Uniqlo UK,Direct binary flag for each variant within portal,r5_decorative_nontextile,R5 Decorative/non-textile attachment,expanded,Expanded,3620,2,0.0005524861878453039,0.05524861878453039
portal_variant_uniqlo_uk,Uniqlo UK: variant-level prevalence,Complementary source-boundary analysis,Colour-specific garment variant,Uniqlo UK,Direct binary flag for each variant within portal,r6_surface_print_coating,R6 Surface print/coating barrier,conservative,Conservative,3620,219,0.06049723756906077,6.0497237569060776
portal_variant_uniqlo_uk,Uniqlo UK: variant-level prevalence,Complementary source-boundary analysis,Colour-specific garment variant,Uniqlo UK,Direct binary flag for each variant within portal,r6_surface_print_coating,R6 Surface print/coating barrier,default,Default,3620,266,0.07348066298342541,7.348066298342541
portal_variant_uniqlo_uk,Uniqlo UK: variant-level prevalence,Complementary source-boundary analysis,Colour-specific garment variant,Uniqlo UK,Direct binary flag for each variant within portal,r6_surface_print_coating,R6 Surface print/coating barrier,expanded,Expanded,3620,266,0.07348066298342541,7.348066298342541
portal_variant_uniqlo_uk,Uniqlo UK: variant-level prevalence,Complementary source-boundary analysis,Colour-specific garment variant,Uniqlo UK,Direct binary flag for each variant within portal,r7_lining_multilayer,R7 Lining/multilayer presence,conservative,Conservative,3620,335,0.0925414364640884,9.25414364640884
portal_variant_uniqlo_uk,Uniqlo UK: variant-level prevalence,Complementary source-boundary analysis,Colour-specific garment variant,Uniqlo UK,Direct binary flag for each variant within portal,r7_lining_multilayer,R7 Lining/multilayer presence,default,Default,3620,524,0.14475138121546963,14.475138121546962
portal_variant_uniqlo_uk,Uniqlo UK: variant-level prevalence,Complementary source-boundary analysis,Colour-specific garment variant,Uniqlo UK,Direct binary flag for each variant within portal,r7_lining_multilayer,R7 Lining/multilayer presence,expanded,Expanded,3620,619,0.17099447513812155,17.099447513812155
portal_variant_uniqlo_uk,Uniqlo UK: variant-level prevalence,Complementary source-boundary analysis,Colour-specific garment variant,Uniqlo UK,Direct binary flag for each variant within portal,r7b_hidden_layer_mismatch,R7b Hidden-layer mismatch diagnostic,conservative,Conservative,3620,258,0.0712707182320442,7.12707182320442
portal_variant_uniqlo_uk,Uniqlo UK: variant-level prevalence,Complementary source-boundary analysis,Colour-specific garment variant,Uniqlo UK,Direct binary flag for each variant within portal,r7b_hidden_layer_mismatch,R7b Hidden-layer mismatch diagnostic,default,Default,3620,281,0.0776243093922652,7.76243093922652
portal_variant_uniqlo_uk,Uniqlo UK: variant-level prevalence,Complementary source-boundary analysis,Colour-specific garment variant,Uniqlo UK,Direct binary flag for each variant within portal,r7b_hidden_layer_mismatch,R7b Hidden-layer mismatch diagnostic,expanded,Expanded,3620,281,0.0776243093922652,7.76243093922652
portal_variant_uniqlo_uk,Uniqlo UK: variant-level prevalence,Complementary source-boundary analysis,Colour-specific garment variant,Uniqlo UK,Direct binary flag for each variant within portal,r8_secondary_component_presence,R8 Secondary-component presence,conservative,Conservative,3620,1020,0.281767955801105,28.176795580110497
portal_variant_uniqlo_uk,Uniqlo UK: variant-level prevalence,Complementary source-boundary analysis,Colour-specific garment variant,Uniqlo UK,Direct binary flag for each variant within portal,r8_secondary_component_presence,R8 Secondary-component presence,default,Default,3620,1020,0.281767955801105,28.176795580110497
portal_variant_uniqlo_uk,Uniqlo UK: variant-level prevalence,Complementary source-boundary analysis,Colour-specific garment variant,Uniqlo UK,Direct binary flag for each variant within portal,r8_secondary_component_presence,R8 Secondary-component presence,expanded,Expanded,3620,1030,0.2845303867403315,28.45303867403315
portal_variant_uniqlo_uk,Uniqlo UK: variant-level prevalence,Complementary source-boundary analysis,Colour-specific garment variant,Uniqlo UK,Direct binary flag for each variant within portal,r8b_secondary_material_difference,R8b Secondary-component mismatch diagnostic,conservative,Conservative,3620,675,0.18646408839779005,18.646408839779006
portal_variant_uniqlo_uk,Uniqlo UK: variant-level prevalence,Complementary source-boundary analysis,Colour-specific garment variant,Uniqlo UK,Direct binary flag for each variant within portal,r8b_secondary_material_difference,R8b Secondary-component mismatch diagnostic,default,Default,3620,629,0.17375690607734806,17.375690607734807
portal_variant_uniqlo_uk,Uniqlo UK: variant-level prevalence,Complementary source-boundary analysis,Colour-specific garment variant,Uniqlo UK,Direct binary flag for each variant within portal,r8b_secondary_material_difference,R8b Secondary-component mismatch diagnostic,expanded,Expanded,3620,629,0.17375690607734806,17.375690607734807
distinct_product_any_variant,Distinct-product prevalence: at least one flagged variant,Complementary analytical-unit analysis,Retailer-specific product family,All portals combined after product aggregation,Product flagged when at least one observed colour or regional variant is flagged,any_removable_disruptor,Any removable-hardware indicator (R1–R3),conservative,Conservative,19173,4711,0.2457101131799927,24.571011317999268
distinct_product_any_variant,Distinct-product prevalence: at least one flagged variant,Complementary analytical-unit analysis,Retailer-specific product family,All portals combined after product aggregation,Product flagged when at least one observed colour or regional variant is flagged,any_removable_disruptor,Any removable-hardware indicator (R1–R3),default,Default,19173,5958,0.31074949147238307,31.074949147238307
distinct_product_any_variant,Distinct-product prevalence: at least one flagged variant,Complementary analytical-unit analysis,Retailer-specific product family,All portals combined after product aggregation,Product flagged when at least one observed colour or regional variant is flagged,any_removable_disruptor,Any removable-hardware indicator (R1–R3),expanded,Expanded,19173,9366,0.488499452354874,48.849945235487404
distinct_product_any_variant,Distinct-product prevalence: at least one flagged variant,Complementary analytical-unit analysis,Retailer-specific product family,All portals combined after product aggregation,Product flagged when at least one observed colour or regional variant is flagged,any_retained_barrier,Any retained-barrier indicator (R4–R8),conservative,Conservative,19173,8342,0.4350910134042664,43.50910134042664
distinct_product_any_variant,Distinct-product prevalence: at least one flagged variant,Complementary analytical-unit analysis,Retailer-specific product family,All portals combined after product aggregation,Product flagged when at least one observed colour or regional variant is flagged,any_retained_barrier,Any retained-barrier indicator (R4–R8),default,Default,19173,9267,0.48333594116726647,48.333594116726644
distinct_product_any_variant,Distinct-product prevalence: at least one flagged variant,Complementary analytical-unit analysis,Retailer-specific product family,All portals combined after product aggregation,Product flagged when at least one observed colour or regional variant is flagged,any_retained_barrier,Any retained-barrier indicator (R4–R8),expanded,Expanded,19173,10912,0.5691336775674125,56.91336775674125
distinct_product_any_variant,Distinct-product prevalence: at least one flagged variant,Complementary analytical-unit analysis,Retailer-specific product family,All portals combined after product aggregation,Product flagged when at least one observed colour or regional variant is flagged,any_disruptor_overall,Any core disruptor indicator (R1–R8),conservative,Conservative,19173,10132,0.5284514682105044,52.845146821050434
distinct_product_any_variant,Distinct-product prevalence: at least one flagged variant,Complementary analytical-unit analysis,Retailer-specific product family,All portals combined after product aggregation,Product flagged when at least one observed colour or regional variant is flagged,any_disruptor_overall,Any core disruptor indicator (R1–R8),default,Default,19173,11301,0.5894226255672039,58.942262556720394
distinct_product_any_variant,Distinct-product prevalence: at least one flagged variant,Complementary analytical-unit analysis,Retailer-specific product family,All portals combined after product aggregation,Product flagged when at least one observed colour or regional variant is flagged,any_disruptor_overall,Any core disruptor indicator (R1–R8),expanded,Expanded,19173,14368,0.7493871590257133,74.93871590257133
distinct_product_any_variant,Distinct-product prevalence: at least one flagged variant,Complementary analytical-unit analysis,Retailer-specific product family,All portals combined after product aggregation,Product flagged when at least one observed colour or regional variant is flagged,r1_metal_hardware,R1 Metal-specified/conventional hardware,conservative,Conservative,19173,1299,0.06775152558285089,6.775152558285089
distinct_product_any_variant,Distinct-product prevalence: at least one flagged variant,Complementary analytical-unit analysis,Retailer-specific product family,All portals combined after product aggregation,Product flagged when at least one observed colour or regional variant is flagged,r1_metal_hardware,R1 Metal-specified/conventional hardware,default,Default,19173,2950,0.15386220205497314,15.386220205497313
distinct_product_any_variant,Distinct-product prevalence: at least one flagged variant,Complementary analytical-unit analysis,Retailer-specific product family,All portals combined after product aggregation,Product flagged when at least one observed colour or regional variant is flagged,r1_metal_hardware,R1 Metal-specified/conventional hardware,expanded,Expanded,19173,2966,0.1546967089135764,15.469670891357639
distinct_product_any_variant,Distinct-product prevalence: at least one flagged variant,Complementary analytical-unit analysis,Retailer-specific product family,All portals combined after product aggregation,Product flagged when at least one observed colour or regional variant is flagged,r2_plastic_hardware,R2 Plastic-specified hardware,conservative,Conservative,19173,62,0.003233714077087571,0.3233714077087571
distinct_product_any_variant,Distinct-product prevalence: at least one flagged variant,Complementary analytical-unit analysis,Retailer-specific product family,All portals combined after product aggregation,Product flagged when at least one observed colour or regional variant is flagged,r2_plastic_hardware,R2 Plastic-specified hardware,default,Default,19173,62,0.003233714077087571,0.3233714077087571
distinct_product_any_variant,Distinct-product prevalence: at least one flagged variant,Complementary analytical-unit analysis,Retailer-specific product family,All portals combined after product aggregation,Product flagged when at least one observed colour or regional variant is flagged,r2_plastic_hardware,R2 Plastic-specified hardware,expanded,Expanded,19173,62,0.003233714077087571,0.3233714077087571
distinct_product_any_variant,Distinct-product prevalence: at least one flagged variant,Complementary analytical-unit analysis,Retailer-specific product family,All portals combined after product aggregation,Product flagged when at least one observed colour or regional variant is flagged,r3_mixed_hardware,R3 Material-ambiguous hardware,conservative,Conservative,19173,4208,0.2194753038126532,21.94753038126532
distinct_product_any_variant,Distinct-product prevalence: at least one flagged variant,Complementary analytical-unit analysis,Retailer-specific product family,All portals combined after product aggregation,Product flagged when at least one observed colour or regional variant is flagged,r3_mixed_hardware,R3 Material-ambiguous hardware,default,Default,19173,4733,0.24685756011057217,24.685756011057215
distinct_product_any_variant,Distinct-product prevalence: at least one flagged variant,Complementary analytical-unit analysis,Retailer-specific product family,All portals combined after product aggregation,Product flagged when at least one observed colour or regional variant is flagged,r3_mixed_hardware,R3 Material-ambiguous hardware,expanded,Expanded,19173,8464,0.4414541282011162,44.145412820111616
distinct_product_any_variant,Distinct-product prevalence: at least one flagged variant,Complementary analytical-unit analysis,Retailer-specific product family,All portals combined after product aggregation,Product flagged when at least one observed colour or regional variant is flagged,r4_fabric_attached_trim,R4 Fabric attached trim,conservative,Conservative,19173,3486,0.18181818181818182,18.181818181818183
distinct_product_any_variant,Distinct-product prevalence: at least one flagged variant,Complementary analytical-unit analysis,Retailer-specific product family,All portals combined after product aggregation,Product flagged when at least one observed colour or regional variant is flagged,r4_fabric_attached_trim,R4 Fabric attached trim,default,Default,19173,3975,0.20732279768424347,20.73227976842435
distinct_product_any_variant,Distinct-product prevalence: at least one flagged variant,Complementary analytical-unit analysis,Retailer-specific product family,All portals combined after product aggregation,Product flagged when at least one observed colour or regional variant is flagged,r4_fabric_attached_trim,R4 Fabric attached trim,expanded,Expanded,19173,6364,0.33192510300944034,33.192510300944036
distinct_product_any_variant,Distinct-product prevalence: at least one flagged variant,Complementary analytical-unit analysis,Retailer-specific product family,All portals combined after product aggregation,Product flagged when at least one observed colour or regional variant is flagged,r5_decorative_nontextile,R5 Decorative/non-textile attachment,conservative,Conservative,19173,334,0.017420330673342723,1.7420330673342723
distinct_product_any_variant,Distinct-product prevalence: at least one flagged variant,Complementary analytical-unit analysis,Retailer-specific product family,All portals combined after product aggregation,Product flagged when at least one observed colour or regional variant is flagged,r5_decorative_nontextile,R5 Decorative/non-textile attachment,default,Default,19173,580,0.0302508736243676,3.0250873624367602
distinct_product_any_variant,Distinct-product prevalence: at least one flagged variant,Complementary analytical-unit analysis,Retailer-specific product family,All portals combined after product aggregation,Product flagged when at least one observed colour or regional variant is flagged,r5_decorative_nontextile,R5 Decorative/non-textile attachment,expanded,Expanded,19173,580,0.0302508736243676,3.0250873624367602
distinct_product_any_variant,Distinct-product prevalence: at least one flagged variant,Complementary analytical-unit analysis,Retailer-specific product family,All portals combined after product aggregation,Product flagged when at least one observed colour or regional variant is flagged,r6_surface_print_coating,R6 Surface print/coating barrier,conservative,Conservative,19173,426,0.022218745110311376,2.2218745110311375
distinct_product_any_variant,Distinct-product prevalence: at least one flagged variant,Complementary analytical-unit analysis,Retailer-specific product family,All portals combined after product aggregation,Product flagged when at least one observed colour or regional variant is flagged,r6_surface_print_coating,R6 Surface print/coating barrier,default,Default,19173,652,0.034006154488082196,3.4006154488082196
distinct_product_any_variant,Distinct-product prevalence: at least one flagged variant,Complementary analytical-unit analysis,Retailer-specific product family,All portals combined after product aggregation,Product flagged when at least one observed colour or regional variant is flagged,r6_surface_print_coating,R6 Surface print/coating barrier,expanded,Expanded,19173,905,0.047201794189745995,4.7201794189746
distinct_product_any_variant,Distinct-product prevalence: at least one flagged variant,Complementary analytical-unit analysis,Retailer-specific product family,All portals combined after product aggregation,Product flagged when at least one observed colour or regional variant is flagged,r7_lining_multilayer,R7 Lining/multilayer presence,conservative,Conservative,19173,4297,0.22411724821363377,22.41172482136338
distinct_product_any_variant,Distinct-product prevalence: at least one flagged variant,Complementary analytical-unit analysis,Retailer-specific product family,All portals combined after product aggregation,Product flagged when at least one observed colour or regional variant is flagged,r7_lining_multilayer,R7 Lining/multilayer presence,default,Default,19173,5002,0.2608877066708392,26.08877066708392
distinct_product_any_variant,Distinct-product prevalence: at least one flagged variant,Complementary analytical-unit analysis,Retailer-specific product family,All portals combined after product aggregation,Product flagged when at least one observed colour or regional variant is flagged,r7_lining_multilayer,R7 Lining/multilayer presence,expanded,Expanded,19173,5273,0.27502216658843165,27.502216658843164
distinct_product_any_variant,Distinct-product prevalence: at least one flagged variant,Complementary analytical-unit analysis,Retailer-specific product family,All portals combined after product aggregation,Product flagged when at least one observed colour or regional variant is flagged,r7b_hidden_layer_mismatch,R7b Hidden-layer mismatch diagnostic,conservative,Conservative,19173,2056,0.10723413133051687,10.723413133051688
distinct_product_any_variant,Distinct-product prevalence: at least one flagged variant,Complementary analytical-unit analysis,Retailer-specific product family,All portals combined after product aggregation,Product flagged when at least one observed colour or regional variant is flagged,r7b_hidden_layer_mismatch,R7b Hidden-layer mismatch diagnostic,default,Default,19173,1913,0.09977572628175038,9.977572628175038
distinct_product_any_variant,Distinct-product prevalence: at least one flagged variant,Complementary analytical-unit analysis,Retailer-specific product family,All portals combined after product aggregation,Product flagged when at least one observed colour or regional variant is flagged,r7b_hidden_layer_mismatch,R7b Hidden-layer mismatch diagnostic,expanded,Expanded,19173,1913,0.09977572628175038,9.977572628175038
distinct_product_any_variant,Distinct-product prevalence: at least one flagged variant,Complementary analytical-unit analysis,Retailer-specific product family,All portals combined after product aggregation,Product flagged when at least one observed colour or regional variant is flagged,r8_secondary_component_presence,R8 Secondary-component presence,conservative,Conservative,19173,1888,0.0984718093151828,9.847180931518281
distinct_product_any_variant,Distinct-product prevalence: at least one flagged variant,Complementary analytical-unit analysis,Retailer-specific product family,All portals combined after product aggregation,Product flagged when at least one observed colour or regional variant is flagged,r8_secondary_component_presence,R8 Secondary-component presence,default,Default,19173,1888,0.0984718093151828,9.847180931518281
distinct_product_any_variant,Distinct-product prevalence: at least one flagged variant,Complementary analytical-unit analysis,Retailer-specific product family,All portals combined after product aggregation,Product flagged when at least one observed colour or regional variant is flagged,r8_secondary_component_presence,R8 Secondary-component presence,expanded,Expanded,19173,2091,0.10905961508371147,10.905961508371147
distinct_product_any_variant,Distinct-product prevalence: at least one flagged variant,Complementary analytical-unit analysis,Retailer-specific product family,All portals combined after product aggregation,Product flagged when at least one observed colour or regional variant is flagged,r8b_secondary_material_difference,R8b Secondary-component mismatch diagnostic,conservative,Conservative,19173,1071,0.05585980284775466,5.585980284775466
distinct_product_any_variant,Distinct-product prevalence: at least one flagged variant,Complementary analytical-unit analysis,Retailer-specific product family,All portals combined after product aggregation,Product flagged when at least one observed colour or regional variant is flagged,r8b_secondary_material_difference,R8b Secondary-component mismatch diagnostic,default,Default,19173,1043,0.05439941584519898,5.439941584519898
distinct_product_any_variant,Distinct-product prevalence: at least one flagged variant,Complementary analytical-unit analysis,Retailer-specific product family,All portals combined after product aggregation,Product flagged when at least one observed colour or regional variant is flagged,r8b_secondary_material_difference,R8b Secondary-component mismatch diagnostic,expanded,Expanded,19173,1043,0.05439941584519898,5.439941584519898
