rule,setting,parent_category,detail_category,n
R1,conservative,bottoms,trousers,674
R1,conservative,overall,dresses,421
R1,conservative,underwear,bras_lingerie,405
R1,conservative,bottoms,skirts,340
R1,conservative,tops,sweater_cardigan,167
R1,conservative,tops,outerwear_jacket,144
R1,conservative,tops,outerwear_gilet,81
R1,conservative,bottoms,shorts,77
R1,conservative,underwear,swimwear,62
R1,conservative,tops,shirt_blouse,52
R1,conservative,tops,tank_camisole_vest,38
R1,conservative,tops,outerwear_coat,28
R1,conservative,overall,jumpsuits_overalls,27
R1,conservative,bottoms,jeans,25
R1,conservative,tops,sweatshirt_hoodie,21
R1,conservative,tops,top_generic,18
R1,conservative,underwear,underwear_bottoms,12
R1,conservative,overall,set,10
R1,conservative,tops,tshirt_polo,5
R1,conservative,bottoms,joggers,4
R1,conservative,bottoms,leggings,1
R1,conservative,overall,sleepwear_homewear,1
R1,default,bottoms,trousers,1215
R1,default,tops,outerwear_jacket,816
R1,default,overall,dresses,566
R1,default,underwear,bras_lingerie,454
R1,default,bottoms,skirts,434
R1,default,underwear,underwear_bottoms,381
R1,default,bottoms,jeans,272
R1,default,overall,set,234
R1,default,tops,sweater_cardigan,227
R1,default,underwear,swimwear,197
R1,default,bottoms,shorts,182
R1,default,tops,shirt_blouse,147
R1,default,tops,outerwear_gilet,135
R1,default,overall,jumpsuits_overalls,126
R1,default,tops,outerwear_coat,124
R1,default,overall,sleepwear_homewear,103
R1,default,tops,sweatshirt_hoodie,99
R1,default,tops,tshirt_polo,91
R1,default,tops,top_generic,41
R1,default,tops,tank_camisole_vest,40
R1,default,bottoms,joggers,15
R1,default,bottoms,leggings,2
R1,default,underwear,socks_hosiery,1
R1,expanded,bottoms,trousers,1217
R1,expanded,tops,outerwear_jacket,816
R1,expanded,overall,dresses,577
R1,expanded,underwear,bras_lingerie,454
R1,expanded,bottoms,skirts,435
R1,expanded,underwear,underwear_bottoms,381
R1,expanded,bottoms,jeans,275
R1,expanded,overall,set,234
R1,expanded,tops,sweater_cardigan,229
R1,expanded,underwear,swimwear,210
R1,expanded,bottoms,shorts,182
R1,expanded,tops,shirt_blouse,147
R1,expanded,tops,outerwear_gilet,135
R1,expanded,overall,jumpsuits_overalls,126
R1,expanded,tops,outerwear_coat,124
R1,expanded,overall,sleepwear_homewear,103
R1,expanded,tops,sweatshirt_hoodie,99
R1,expanded,tops,tshirt_polo,93
R1,expanded,tops,top_generic,43
R1,expanded,tops,tank_camisole_vest,40
R1,expanded,bottoms,joggers,15
R1,expanded,bottoms,leggings,2
R1,expanded,underwear,socks_hosiery,1
R2,conservative,overall,dresses,27
R2,conservative,underwear,underwear_bottoms,25
R2,conservative,overall,jumpsuits_overalls,23
R2,conservative,bottoms,trousers,18
R2,conservative,tops,tshirt_polo,13
R2,conservative,tops,outerwear_gilet,7
R2,conservative,tops,shirt_blouse,6
R2,conservative,underwear,swimwear,6
R2,conservative,overall,set,5
R2,conservative,tops,outerwear_jacket,3
R2,conservative,tops,sweater_cardigan,3
R2,conservative,bottoms,shorts,1
R2,conservative,tops,outerwear_coat,1
R2,default,overall,dresses,27
R2,default,underwear,underwear_bottoms,25
R2,default,overall,jumpsuits_overalls,23
R2,default,bottoms,trousers,18
R2,default,tops,tshirt_polo,13
R2,default,tops,outerwear_gilet,7
R2,default,tops,shirt_blouse,6
R2,default,underwear,swimwear,6
R2,default,overall,set,5
R2,default,tops,outerwear_jacket,3
R2,default,tops,sweater_cardigan,3
R2,default,bottoms,shorts,1
R2,default,tops,outerwear_coat,1
R2,expanded,overall,dresses,27
R2,expanded,underwear,underwear_bottoms,25
R2,expanded,overall,jumpsuits_overalls,23
R2,expanded,bottoms,trousers,18
R2,expanded,tops,tshirt_polo,13
R2,expanded,tops,outerwear_gilet,7
R2,expanded,tops,shirt_blouse,6
R2,expanded,underwear,swimwear,6
R2,expanded,overall,set,5
R2,expanded,tops,outerwear_jacket,3
R2,expanded,tops,sweater_cardigan,3
R2,expanded,bottoms,shorts,1
R2,expanded,tops,outerwear_coat,1
R3,conservative,bottoms,trousers,1861
R3,conservative,bottoms,jeans,1705
R3,conservative,tops,outerwear_jacket,1448
R3,conservative,overall,dresses,923
R3,conservative,bottoms,skirts,775
R3,conservative,tops,sweatshirt_hoodie,582
R3,conservative,bottoms,shorts,489
R3,conservative,tops,sweater_cardigan,297
R3,conservative,tops,outerwear_gilet,132
R3,conservative,tops,outerwear_coat,126
R3,conservative,tops,shirt_blouse,119
R3,conservative,overall,jumpsuits_overalls,114
R3,conservative,tops,tshirt_polo,89
R3,conservative,tops,top_generic,81
R3,conservative,bottoms,joggers,67
R3,conservative,overall,set,61
R3,conservative,tops,tank_camisole_vest,59
R3,conservative,underwear,swimwear,51
R3,conservative,underwear,underwear_bottoms,35
R3,conservative,overall,sleepwear_homewear,34
R3,conservative,underwear,bras_lingerie,26
R3,conservative,bottoms,leggings,9
R3,conservative,underwear,socks_hosiery,2
R3,default,bottoms,trousers,1941
R3,default,bottoms,jeans,1709
R3,default,tops,outerwear_jacket,1563
R3,default,overall,dresses,1048
R3,default,bottoms,skirts,787
R3,default,tops,sweatshirt_hoodie,586
R3,default,bottoms,shorts,581
R3,default,underwear,bras_lingerie,339
R3,default,tops,sweater_cardigan,311
R3,default,tops,outerwear_coat,236
R3,default,underwear,swimwear,208
R3,default,tops,shirt_blouse,169
R3,default,tops,outerwear_gilet,162
R3,default,overall,jumpsuits_overalls,132
R3,default,tops,top_generic,94
R3,default,tops,tshirt_polo,92
R3,default,bottoms,joggers,83
R3,default,overall,set,81
R3,default,tops,tank_camisole_vest,64
R3,default,underwear,underwear_bottoms,43
R3,default,overall,sleepwear_homewear,36
R3,default,bottoms,leggings,12
R3,default,underwear,socks_hosiery,2
R3,expanded,tops,shirt_blouse,2644
R3,expanded,tops,outerwear_jacket,2447
R3,expanded,overall,dresses,2127
R3,expanded,bottoms,trousers,2090
R3,expanded,bottoms,jeans,2003
R3,expanded,tops,sweater_cardigan,1407
R3,expanded,bottoms,skirts,890
R3,expanded,bottoms,shorts,685
R3,expanded,tops,sweatshirt_hoodie,605
R3,expanded,tops,outerwear_gilet,467
R3,expanded,tops,outerwear_coat,457
R3,expanded,overall,set,372
R3,expanded,underwear,bras_lingerie,339
R3,expanded,overall,sleepwear_homewear,309
R3,expanded,tops,tshirt_polo,241
R3,expanded,overall,jumpsuits_overalls,211
R3,expanded,underwear,swimwear,208
R3,expanded,tops,top_generic,172
R3,expanded,underwear,underwear_bottoms,151
R3,expanded,tops,tank_camisole_vest,141
R3,expanded,bottoms,joggers,107
R3,expanded,bottoms,leggings,26
R3,expanded,underwear,socks_hosiery,4
R4,conservative,bottoms,trousers,1339
R4,conservative,bottoms,joggers,899
R4,conservative,bottoms,shorts,884
R4,conservative,tops,outerwear_jacket,733
R4,conservative,overall,set,597
R4,conservative,tops,shirt_blouse,542
R4,conservative,overall,sleepwear_homewear,423
R4,conservative,overall,dresses,394
R4,conservative,underwear,underwear_bottoms,347
R4,conservative,tops,sweatshirt_hoodie,302
R4,conservative,underwear,swimwear,247
R4,conservative,bottoms,jeans,229
R4,conservative,underwear,bras_lingerie,220
R4,conservative,bottoms,skirts,201
R4,conservative,tops,sweater_cardigan,162
R4,conservative,tops,tshirt_polo,154
R4,conservative,tops,tank_camisole_vest,109
R4,conservative,tops,outerwear_coat,105
R4,conservative,tops,outerwear_gilet,81
R4,conservative,overall,jumpsuits_overalls,78
R4,conservative,tops,top_generic,63
R4,conservative,underwear,socks_hosiery,39
R4,conservative,bottoms,leggings,32
R4,default,bottoms,trousers,1509
R4,default,bottoms,shorts,945
R4,default,bottoms,joggers,928
R4,default,tops,outerwear_jacket,870
R4,default,overall,set,613
R4,default,tops,shirt_blouse,582
R4,default,overall,dresses,486
R4,default,overall,sleepwear_homewear,461
R4,default,underwear,underwear_bottoms,382
R4,default,tops,sweatshirt_hoodie,359
R4,default,bottoms,skirts,296
R4,default,tops,tshirt_polo,273
R4,default,underwear,swimwear,254
R4,default,bottoms,jeans,245
R4,default,underwear,bras_lingerie,237
R4,default,underwear,socks_hosiery,222
R4,default,tops,sweater_cardigan,173
R4,default,tops,tank_camisole_vest,133
R4,default,tops,outerwear_coat,116
R4,default,tops,outerwear_gilet,108
R4,default,bottoms,leggings,97
R4,default,overall,jumpsuits_overalls,88
R4,default,tops,top_generic,65
R4,expanded,bottoms,trousers,1827
R4,expanded,overall,dresses,1442
R4,expanded,bottoms,shorts,1082
R4,expanded,tops,outerwear_jacket,972
R4,expanded,bottoms,joggers,969
R4,expanded,overall,set,879
R4,expanded,underwear,bras_lingerie,761
R4,expanded,underwear,swimwear,715
R4,expanded,underwear,underwear_bottoms,700
R4,expanded,tops,shirt_blouse,698
R4,expanded,overall,sleepwear_homewear,692
R4,expanded,underwear,socks_hosiery,607
R4,expanded,bottoms,skirts,525
R4,expanded,bottoms,jeans,366
R4,expanded,tops,sweatshirt_hoodie,366
R4,expanded,tops,tank_camisole_vest,349
R4,expanded,tops,tshirt_polo,304
R4,expanded,bottoms,leggings,284
R4,expanded,overall,jumpsuits_overalls,223
R4,expanded,tops,sweater_cardigan,197
R4,expanded,tops,top_generic,170
R4,expanded,tops,outerwear_gilet,138
R4,expanded,tops,outerwear_coat,130
R5,conservative,overall,dresses,196
R5,conservative,bottoms,skirts,66
R5,conservative,bottoms,trousers,48
R5,conservative,tops,top_generic,43
R5,conservative,tops,sweater_cardigan,40
R5,conservative,tops,outerwear_jacket,35
R5,conservative,tops,tshirt_polo,25
R5,conservative,tops,shirt_blouse,23
R5,conservative,tops,tank_camisole_vest,22
R5,conservative,bottoms,jeans,13
R5,conservative,underwear,swimwear,9
R5,conservative,overall,set,5
R5,conservative,tops,sweatshirt_hoodie,5
R5,conservative,overall,sleepwear_homewear,4
R5,conservative,bottoms,leggings,3
R5,conservative,overall,jumpsuits_overalls,3
R5,conservative,underwear,bras_lingerie,3
R5,conservative,bottoms,shorts,2
R5,conservative,bottoms,joggers,1
R5,conservative,underwear,socks_hosiery,1
R5,conservative,underwear,underwear_bottoms,1
R5,default,overall,dresses,301
R5,default,bottoms,skirts,100
R5,default,tops,shirt_blouse,75
R5,default,bottoms,trousers,73
R5,default,tops,top_generic,73
R5,default,tops,sweater_cardigan,67
R5,default,underwear,swimwear,53
R5,default,tops,tank_camisole_vest,45
R5,default,tops,outerwear_jacket,43
R5,default,tops,tshirt_polo,40
R5,default,bottoms,jeans,24
R5,default,bottoms,shorts,14
R5,default,overall,set,8
R5,default,tops,sweatshirt_hoodie,7
R5,default,underwear,socks_hosiery,5
R5,default,overall,sleepwear_homewear,4
R5,default,underwear,bras_lingerie,4
R5,default,bottoms,leggings,3
R5,default,overall,jumpsuits_overalls,3
R5,default,bottoms,joggers,1
R5,default,tops,outerwear_gilet,1
R5,default,underwear,underwear_bottoms,1
R5,expanded,overall,dresses,301
R5,expanded,bottoms,skirts,100
R5,expanded,tops,shirt_blouse,75
R5,expanded,bottoms,trousers,73
R5,expanded,tops,top_generic,73
R5,expanded,tops,sweater_cardigan,67
R5,expanded,underwear,swimwear,53
R5,expanded,tops,tank_camisole_vest,45
R5,expanded,tops,outerwear_jacket,43
R5,expanded,tops,tshirt_polo,40
R5,expanded,bottoms,jeans,24
R5,expanded,bottoms,shorts,14
R5,expanded,overall,set,8
R5,expanded,tops,sweatshirt_hoodie,7
R5,expanded,underwear,socks_hosiery,5
R5,expanded,overall,sleepwear_homewear,4
R5,expanded,underwear,bras_lingerie,4
R5,expanded,bottoms,leggings,3
R5,expanded,overall,jumpsuits_overalls,3
R5,expanded,bottoms,joggers,1
R5,expanded,tops,outerwear_gilet,1
R5,expanded,underwear,underwear_bottoms,1
R6,conservative,tops,outerwear_jacket,231
R6,conservative,tops,outerwear_coat,163
R6,conservative,bottoms,trousers,100
R6,conservative,bottoms,skirts,93
R6,conservative,bottoms,shorts,63
R6,conservative,underwear,underwear_bottoms,60
R6,conservative,overall,dresses,53
R6,conservative,tops,outerwear_gilet,46
R6,conservative,underwear,bras_lingerie,31
R6,conservative,tops,tshirt_polo,22
R6,conservative,tops,shirt_blouse,13
R6,conservative,tops,sweatshirt_hoodie,12
R6,conservative,bottoms,leggings,11
R6,conservative,bottoms,jeans,7
R6,conservative,bottoms,joggers,7
R6,conservative,overall,jumpsuits_overalls,7
R6,conservative,tops,tank_camisole_vest,6
R6,conservative,underwear,socks_hosiery,6
R6,conservative,tops,top_generic,5
R6,conservative,tops,sweater_cardigan,4
R6,conservative,underwear,swimwear,4
R6,default,tops,outerwear_jacket,479
R6,default,tops,outerwear_coat,272
R6,default,bottoms,trousers,185
R6,default,bottoms,skirts,93
R6,default,bottoms,shorts,74
R6,default,tops,outerwear_gilet,72
R6,default,underwear,underwear_bottoms,60
R6,default,overall,dresses,53
R6,default,overall,jumpsuits_overalls,31
R6,default,underwear,bras_lingerie,31
R6,default,tops,tshirt_polo,22
R6,default,tops,sweatshirt_hoodie,21
R6,default,bottoms,joggers,14
R6,default,tops,shirt_blouse,14
R6,default,bottoms,leggings,11
R6,default,bottoms,jeans,7
R6,default,underwear,socks_hosiery,7
R6,default,underwear,swimwear,7
R6,default,tops,tank_camisole_vest,6
R6,default,tops,top_generic,5
R6,default,tops,sweater_cardigan,4
R6,expanded,tops,outerwear_jacket,514
R6,expanded,tops,outerwear_coat,272
R6,expanded,bottoms,trousers,206
R6,expanded,overall,dresses,142
R6,expanded,bottoms,shorts,118
R6,expanded,bottoms,skirts,116
R6,expanded,tops,outerwear_gilet,90
R6,expanded,tops,tshirt_polo,67
R6,expanded,underwear,underwear_bottoms,63
R6,expanded,overall,jumpsuits_overalls,55
R6,expanded,overall,set,52
R6,expanded,underwear,swimwear,49
R6,expanded,bottoms,leggings,47
R6,expanded,tops,shirt_blouse,46
R6,expanded,overall,sleepwear_homewear,41
R6,expanded,underwear,bras_lingerie,32
R6,expanded,tops,sweatshirt_hoodie,27
R6,expanded,bottoms,joggers,17
R6,expanded,bottoms,jeans,15
R6,expanded,tops,tank_camisole_vest,11
R6,expanded,underwear,socks_hosiery,11
R6,expanded,tops,top_generic,9
R6,expanded,tops,sweater_cardigan,6
R7_presence,conservative,tops,outerwear_jacket,1860
R7_presence,conservative,overall,dresses,1490
R7_presence,conservative,underwear,swimwear,1119
R7_presence,conservative,underwear,underwear_bottoms,909
R7_presence,conservative,underwear,bras_lingerie,636
R7_presence,conservative,bottoms,skirts,563
R7_presence,conservative,tops,outerwear_coat,399
R7_presence,conservative,bottoms,trousers,394
R7_presence,conservative,tops,sweatshirt_hoodie,315
R7_presence,conservative,tops,outerwear_gilet,299
R7_presence,conservative,bottoms,shorts,172
R7_presence,conservative,tops,shirt_blouse,140
R7_presence,conservative,overall,set,106
R7_presence,conservative,tops,tank_camisole_vest,105
R7_presence,conservative,tops,top_generic,97
R7_presence,conservative,overall,jumpsuits_overalls,84
R7_presence,conservative,tops,tshirt_polo,75
R7_presence,conservative,tops,sweater_cardigan,69
R7_presence,conservative,bottoms,jeans,61
R7_presence,conservative,overall,sleepwear_homewear,38
R7_presence,conservative,bottoms,joggers,27
R7_presence,conservative,bottoms,leggings,11
R7_presence,conservative,underwear,socks_hosiery,7
R7_presence,default,tops,outerwear_jacket,2035
R7_presence,default,overall,dresses,1831
R7_presence,default,underwear,underwear_bottoms,1203
R7_presence,default,underwear,swimwear,1163
R7_presence,default,tops,sweatshirt_hoodie,732
R7_presence,default,underwear,bras_lingerie,685
R7_presence,default,bottoms,skirts,663
R7_presence,default,bottoms,trousers,436
R7_presence,default,tops,outerwear_coat,421
R7_presence,default,tops,outerwear_gilet,332
R7_presence,default,bottoms,shorts,187
R7_presence,default,tops,shirt_blouse,181
R7_presence,default,overall,set,166
R7_presence,default,tops,tank_camisole_vest,159
R7_presence,default,tops,tshirt_polo,143
R7_presence,default,tops,top_generic,119
R7_presence,default,overall,jumpsuits_overalls,108
R7_presence,default,tops,sweater_cardigan,104
R7_presence,default,bottoms,jeans,72
R7_presence,default,underwear,socks_hosiery,69
R7_presence,default,bottoms,leggings,41
R7_presence,default,overall,sleepwear_homewear,38
R7_presence,default,bottoms,joggers,32
R7_presence,expanded,tops,outerwear_jacket,2045
R7_presence,expanded,overall,dresses,1896
R7_presence,expanded,underwear,underwear_bottoms,1205
R7_presence,expanded,underwear,swimwear,1164
R7_presence,expanded,tops,sweatshirt_hoodie,865
R7_presence,expanded,bottoms,skirts,704
R7_presence,expanded,underwear,bras_lingerie,685
R7_presence,expanded,bottoms,trousers,464
R7_presence,expanded,tops,outerwear_coat,424
R7_presence,expanded,tops,outerwear_gilet,332
R7_presence,expanded,tops,shirt_blouse,321
R7_presence,expanded,tops,tshirt_polo,282
R7_presence,expanded,bottoms,shorts,191
R7_presence,expanded,tops,tank_camisole_vest,187
R7_presence,expanded,overall,set,172
R7_presence,expanded,tops,sweater_cardigan,146
R7_presence,expanded,tops,top_generic,136
R7_presence,expanded,overall,jumpsuits_overalls,116
R7_presence,expanded,underwear,socks_hosiery,77
R7_presence,expanded,bottoms,jeans,75
R7_presence,expanded,bottoms,leggings,45
R7_presence,expanded,overall,sleepwear_homewear,41
R7_presence,expanded,bottoms,joggers,32
R7b_hidden_layer_mismatch,conservative,tops,outerwear_jacket,923
R7b_hidden_layer_mismatch,conservative,overall,dresses,547
R7b_hidden_layer_mismatch,conservative,underwear,swimwear,540
R7b_hidden_layer_mismatch,conservative,underwear,underwear_bottoms,514
R7b_hidden_layer_mismatch,conservative,underwear,bras_lingerie,455
R7b_hidden_layer_mismatch,conservative,bottoms,skirts,245
R7b_hidden_layer_mismatch,conservative,bottoms,trousers,194
R7b_hidden_layer_mismatch,conservative,tops,outerwear_coat,183
R7b_hidden_layer_mismatch,conservative,tops,outerwear_gilet,148
R7b_hidden_layer_mismatch,conservative,bottoms,shorts,72
R7b_hidden_layer_mismatch,conservative,tops,shirt_blouse,51
R7b_hidden_layer_mismatch,conservative,bottoms,jeans,44
R7b_hidden_layer_mismatch,conservative,tops,tank_camisole_vest,33
R7b_hidden_layer_mismatch,conservative,overall,jumpsuits_overalls,30
R7b_hidden_layer_mismatch,conservative,tops,top_generic,30
R7b_hidden_layer_mismatch,conservative,tops,sweatshirt_hoodie,25
R7b_hidden_layer_mismatch,conservative,overall,set,18
R7b_hidden_layer_mismatch,conservative,bottoms,leggings,10
R7b_hidden_layer_mismatch,conservative,tops,tshirt_polo,9
R7b_hidden_layer_mismatch,conservative,bottoms,joggers,8
R7b_hidden_layer_mismatch,conservative,tops,sweater_cardigan,6
R7b_hidden_layer_mismatch,conservative,overall,sleepwear_homewear,5
R7b_hidden_layer_mismatch,default,tops,outerwear_jacket,886
R7b_hidden_layer_mismatch,default,underwear,swimwear,534
R7b_hidden_layer_mismatch,default,underwear,underwear_bottoms,512
R7b_hidden_layer_mismatch,default,overall,dresses,477
R7b_hidden_layer_mismatch,default,underwear,bras_lingerie,432
R7b_hidden_layer_mismatch,default,bottoms,skirts,225
R7b_hidden_layer_mismatch,default,bottoms,trousers,171
R7b_hidden_layer_mismatch,default,tops,outerwear_coat,167
R7b_hidden_layer_mismatch,default,tops,outerwear_gilet,133
R7b_hidden_layer_mismatch,default,bottoms,shorts,78
R7b_hidden_layer_mismatch,default,tops,shirt_blouse,45
R7b_hidden_layer_mismatch,default,tops,sweatshirt_hoodie,44
R7b_hidden_layer_mismatch,default,bottoms,jeans,39
R7b_hidden_layer_mismatch,default,tops,tank_camisole_vest,33
R7b_hidden_layer_mismatch,default,overall,jumpsuits_overalls,24
R7b_hidden_layer_mismatch,default,tops,top_generic,20
R7b_hidden_layer_mismatch,default,overall,set,14
R7b_hidden_layer_mismatch,default,bottoms,leggings,10
R7b_hidden_layer_mismatch,default,tops,tshirt_polo,9
R7b_hidden_layer_mismatch,default,bottoms,joggers,8
R7b_hidden_layer_mismatch,default,tops,sweater_cardigan,8
R7b_hidden_layer_mismatch,default,overall,sleepwear_homewear,5
R7b_hidden_layer_mismatch,default,underwear,socks_hosiery,4
R7b_hidden_layer_mismatch,expanded,tops,outerwear_jacket,886
R7b_hidden_layer_mismatch,expanded,underwear,swimwear,534
R7b_hidden_layer_mismatch,expanded,underwear,underwear_bottoms,512
R7b_hidden_layer_mismatch,expanded,overall,dresses,477
R7b_hidden_layer_mismatch,expanded,underwear,bras_lingerie,432
R7b_hidden_layer_mismatch,expanded,bottoms,skirts,225
R7b_hidden_layer_mismatch,expanded,bottoms,trousers,171
R7b_hidden_layer_mismatch,expanded,tops,outerwear_coat,167
R7b_hidden_layer_mismatch,expanded,tops,outerwear_gilet,133
R7b_hidden_layer_mismatch,expanded,bottoms,shorts,78
R7b_hidden_layer_mismatch,expanded,tops,shirt_blouse,45
R7b_hidden_layer_mismatch,expanded,tops,sweatshirt_hoodie,44
R7b_hidden_layer_mismatch,expanded,bottoms,jeans,39
R7b_hidden_layer_mismatch,expanded,tops,tank_camisole_vest,33
R7b_hidden_layer_mismatch,expanded,overall,jumpsuits_overalls,24
R7b_hidden_layer_mismatch,expanded,tops,top_generic,20
R7b_hidden_layer_mismatch,expanded,overall,set,14
R7b_hidden_layer_mismatch,expanded,bottoms,leggings,10
R7b_hidden_layer_mismatch,expanded,tops,tshirt_polo,9
R7b_hidden_layer_mismatch,expanded,bottoms,joggers,8
R7b_hidden_layer_mismatch,expanded,tops,sweater_cardigan,8
R7b_hidden_layer_mismatch,expanded,overall,sleepwear_homewear,5
R7b_hidden_layer_mismatch,expanded,underwear,socks_hosiery,4
R8_presence,conservative,bottoms,trousers,1663
R8_presence,conservative,bottoms,shorts,783
R8_presence,conservative,bottoms,jeans,685
R8_presence,conservative,tops,outerwear_jacket,459
R8_presence,conservative,overall,dresses,285
R8_presence,conservative,tops,outerwear_coat,219
R8_presence,conservative,bottoms,joggers,198
R8_presence,conservative,bottoms,skirts,150
R8_presence,conservative,underwear,bras_lingerie,147
R8_presence,conservative,overall,set,109
R8_presence,conservative,tops,sweatshirt_hoodie,108
R8_presence,conservative,tops,outerwear_gilet,64
R8_presence,conservative,tops,sweater_cardigan,60
R8_presence,conservative,overall,sleepwear_homewear,35
R8_presence,conservative,overall,jumpsuits_overalls,30
R8_presence,conservative,tops,tshirt_polo,30
R8_presence,conservative,tops,shirt_blouse,29
R8_presence,conservative,bottoms,leggings,27
R8_presence,conservative,underwear,underwear_bottoms,19
R8_presence,conservative,underwear,swimwear,12
R8_presence,conservative,tops,top_generic,8
R8_presence,conservative,tops,tank_camisole_vest,4
R8_presence,default,bottoms,trousers,1663
R8_presence,default,bottoms,shorts,783
R8_presence,default,bottoms,jeans,685
R8_presence,default,tops,outerwear_jacket,459
R8_presence,default,overall,dresses,285
R8_presence,default,tops,outerwear_coat,219
R8_presence,default,bottoms,joggers,198
R8_presence,default,bottoms,skirts,150
R8_presence,default,underwear,bras_lingerie,147
R8_presence,default,overall,set,109
R8_presence,default,tops,sweatshirt_hoodie,108
R8_presence,default,tops,outerwear_gilet,64
R8_presence,default,tops,sweater_cardigan,60
R8_presence,default,overall,sleepwear_homewear,35
R8_presence,default,overall,jumpsuits_overalls,30
R8_presence,default,tops,tshirt_polo,30
R8_presence,default,tops,shirt_blouse,29
R8_presence,default,bottoms,leggings,27
R8_presence,default,underwear,underwear_bottoms,19
R8_presence,default,underwear,swimwear,12
R8_presence,default,tops,top_generic,8
R8_presence,default,tops,tank_camisole_vest,4
R8_presence,expanded,bottoms,trousers,1665
R8_presence,expanded,bottoms,shorts,783
R8_presence,expanded,bottoms,jeans,685
R8_presence,expanded,tops,outerwear_jacket,525
R8_presence,expanded,overall,dresses,330
R8_presence,expanded,tops,shirt_blouse,236
R8_presence,expanded,tops,outerwear_coat,233
R8_presence,expanded,bottoms,joggers,199
R8_presence,expanded,bottoms,skirts,152
R8_presence,expanded,underwear,bras_lingerie,147
R8_presence,expanded,tops,sweatshirt_hoodie,131
R8_presence,expanded,overall,set,118
R8_presence,expanded,tops,sweater_cardigan,78
R8_presence,expanded,tops,outerwear_gilet,65
R8_presence,expanded,tops,tshirt_polo,51
R8_presence,expanded,overall,sleepwear_homewear,35
R8_presence,expanded,overall,jumpsuits_overalls,31
R8_presence,expanded,bottoms,leggings,27
R8_presence,expanded,underwear,underwear_bottoms,19
R8_presence,expanded,underwear,swimwear,12
R8_presence,expanded,tops,top_generic,9
R8_presence,expanded,tops,tank_camisole_vest,4
R8b_secondary_material_difference,conservative,bottoms,trousers,928
R8b_secondary_material_difference,conservative,bottoms,jeans,593
R8b_secondary_material_difference,conservative,bottoms,shorts,502
R8b_secondary_material_difference,conservative,tops,outerwear_jacket,240
R8b_secondary_material_difference,conservative,overall,dresses,173
R8b_secondary_material_difference,conservative,bottoms,skirts,106
R8b_secondary_material_difference,conservative,tops,outerwear_coat,84
R8b_secondary_material_difference,conservative,underwear,bras_lingerie,64
R8b_secondary_material_difference,conservative,tops,sweatshirt_hoodie,44
R8b_secondary_material_difference,conservative,bottoms,joggers,37
R8b_secondary_material_difference,conservative,tops,outerwear_gilet,37
R8b_secondary_material_difference,conservative,bottoms,leggings,24
R8b_secondary_material_difference,conservative,overall,jumpsuits_overalls,19
R8b_secondary_material_difference,conservative,tops,shirt_blouse,15
R8b_secondary_material_difference,conservative,tops,tshirt_polo,9
R8b_secondary_material_difference,conservative,underwear,swimwear,8
R8b_secondary_material_difference,conservative,overall,set,7
R8b_secondary_material_difference,conservative,underwear,underwear_bottoms,5
R8b_secondary_material_difference,conservative,overall,sleepwear_homewear,4
R8b_secondary_material_difference,conservative,tops,top_generic,3
R8b_secondary_material_difference,conservative,tops,sweater_cardigan,2
R8b_secondary_material_difference,default,bottoms,trousers,979
R8b_secondary_material_difference,default,bottoms,jeans,532
R8b_secondary_material_difference,default,bottoms,shorts,441
R8b_secondary_material_difference,default,tops,outerwear_jacket,226
R8b_secondary_material_difference,default,overall,dresses,180
R8b_secondary_material_difference,default,bottoms,skirts,108
R8b_secondary_material_difference,default,tops,outerwear_coat,72
R8b_secondary_material_difference,default,underwear,bras_lingerie,67
R8b_secondary_material_difference,default,tops,outerwear_gilet,45
R8b_secondary_material_difference,default,bottoms,joggers,28
R8b_secondary_material_difference,default,bottoms,leggings,24
R8b_secondary_material_difference,default,overall,jumpsuits_overalls,18
R8b_secondary_material_difference,default,tops,sweatshirt_hoodie,16
R8b_secondary_material_difference,default,overall,set,14
R8b_secondary_material_difference,default,tops,shirt_blouse,14
R8b_secondary_material_difference,default,tops,tshirt_polo,12
R8b_secondary_material_difference,default,underwear,swimwear,8
R8b_secondary_material_difference,default,underwear,underwear_bottoms,5
R8b_secondary_material_difference,default,overall,sleepwear_homewear,4
R8b_secondary_material_difference,default,tops,top_generic,3
R8b_secondary_material_difference,default,tops,sweater_cardigan,2
R8b_secondary_material_difference,expanded,bottoms,trousers,1640
R8b_secondary_material_difference,expanded,bottoms,shorts,783
R8b_secondary_material_difference,expanded,bottoms,jeans,678
R8b_secondary_material_difference,expanded,tops,outerwear_jacket,396
R8b_secondary_material_difference,expanded,overall,dresses,273
R8b_secondary_material_difference,expanded,tops,outerwear_coat,218
R8b_secondary_material_difference,expanded,bottoms,joggers,198
R8b_secondary_material_difference,expanded,bottoms,skirts,150
R8b_secondary_material_difference,expanded,underwear,bras_lingerie,147
R8b_secondary_material_difference,expanded,overall,set,109
R8b_secondary_material_difference,expanded,tops,sweatshirt_hoodie,93
R8b_secondary_material_difference,expanded,tops,outerwear_gilet,64
R8b_secondary_material_difference,expanded,overall,sleepwear_homewear,35
R8b_secondary_material_difference,expanded,tops,sweater_cardigan,34
R8b_secondary_material_difference,expanded,overall,jumpsuits_overalls,30
R8b_secondary_material_difference,expanded,bottoms,leggings,24
R8b_secondary_material_difference,expanded,tops,shirt_blouse,18
R8b_secondary_material_difference,expanded,tops,tshirt_polo,18
R8b_secondary_material_difference,expanded,underwear,underwear_bottoms,18
R8b_secondary_material_difference,expanded,underwear,swimwear,12
R8b_secondary_material_difference,expanded,tops,top_generic,8
R8b_secondary_material_difference,expanded,tops,tank_camisole_vest,3
